Workbook

Sheet 板块数量
A1: 编号 | B1: 层号 | C1: 从上到下分格 | D1: 左立柱 | E1: 右立柱 | F1: 玻璃1 | G1: 玻璃2 | H1: 玻璃3 | I1: 高度 | J1: 宽度 | K1: 套芯 | L1: 其它 | M1: BL1 | N1: BL2 | O1: BL3 | P1: 短编号 | Q1: 数量
A2: M07-01-3-1 | B2: L11-01 | C2: 18501950 | D2: CW154H-105 | E2: CW154H-105 | F2: GL-02a-SP | G2: GL-01a | H2: - | I2: 3800 | J2: C2222 | K2: H100x50x8,H100x50x8 | L2: - | M2: BL1 | N2: BL2 | O2: BL3 | P2: D103 | Q2: 1 | S2: M18
A3: M09-05-1-1 | B3: L11-02 | C3: 18501950 | D3: CW154H-106 | E3: CW154H-103 | F3: GL-02a-SP | G3: GL-01a | H3: - | I3: 3800 | J3: 1483 | K3: -,2-62x15 | L3: 右装饰条1 | M3: BL1 | N3: BL2 | O3: BL3 | P3: D129 | Q3: 1 | S3: M23
A4: M01-01-6-1 | B4: L11-03 | C4: 18501950 | D4: CW154H-102 | E4: CW154H-101 | F4: GL-02-SP | G4: GL-01 | H4: - | I4: 3800 | J4: 1483 | K4: - | L4: - | M4: BL1 | N4: BL2 | O4: BL3 | P4: D006 | Q4: 1 | S4: M4
A5: M01-01-6-1 | B5: L11-04 | C5: 18501950 | D5: CW154H-102 | E5: CW154H-101 | F5: GL-02-SP | G5: GL-01 | H5: - | I5: 3800 | J5: 1483 | K5: - | L5: - | M5: BL1 | N5: BL2 | O5: BL3 | P5: D006 | Q5: 1 | S5: M4
A6: M01-01-6-1 | B6: L11-05 | C6: 18501950 | D6: CW154H-102 | E6: CW154H-101 | F6: GL-02-SP | G6: GL-01 | H6: - | I6: 3800 | J6: 1483 | K6: - | L6: - | M6: BL1 | N6: BL2 | O6: BL3 | P6: D006 | Q6: 1 | S6: M4
A7: M01-03-4-1 | B7: L11-06 | C7: 18501950 | D7: CW154H-102 | E7: CW154H-101 | F7: GL-02-SP | G7: GL-01 | H7: - | I7: 3800 | J7: 1483 | K7: - | L7: 右装饰条1 | M7: BL1 | N7: BL2 | O7: BL3 | P7: D015 | Q7: 1 | S7: M9
A8: M01-01-6-1 | B8: L11-07 | C8: 18501950 | D8: CW154H-102 | E8: CW154H-101 | F8: GL-02-SP | G8: GL-01 | H8: - | I8: 3800 | J8: 1483 | K8: - | L8: - | M8: BL1 | N8: BL2 | O8: BL3 | P8: D006 | Q8: 1 | S8: M4
A9: M01-01-6-1 | B9: L11-08 | C9: 18501950 | D9: CW154H-102 | E9: CW154H-101 | F9: GL-02-SP | G9: GL-01 | H9: - | I9: 3800 | J9: 1483 | K9: - | L9: - | M9: BL1 | N9: BL2 | O9: BL3 | P9: D006 | Q9: 1 | S9: M4
A10: M01-01-6-1 | B10: L11-09 | C10: 18501950 | D10: CW154H-102 | E10: CW154H-101 | F10: GL-02-SP | G10: GL-01 | H10: - | I10: 3800 | J10: 1483 | K10: - | L10: - | M10: BL1 | N10: BL2 | O10: BL3 | P10: D006 | Q10: 1 | S10: M4
A11: M01-01-6-1 | B11: L11-10 | C11: 18501950 | D11: CW154H-102 | E11: CW154H-101 | F11: GL-02-SP | G11: GL-01 | H11: - | I11: 3800 | J11: 1483 | K11: - | L11: - | M11: BL1 | N11: BL2 | O11: BL3 | P11: D006 | Q11: 1 | S11: M4
A12: M01-01-6-1 | B12: L11-11 | C12: 18501950 | D12: CW154H-102 | E12: CW154H-101 | F12: GL-02-SP | G12: GL-01 | H12: - | I12: 3800 | J12: 1483 | K12: - | L12: - | M12: BL1 | N12: BL2 | O12: BL3 | P12: D006 | Q12: 1 | S12: M4
A13: M01-01-6-1 | B13: L11-12 | C13: 18501950 | D13: CW154H-102 | E13: CW154H-101 | F13: GL-02-SP | G13: GL-01 | H13: - | I13: 3800 | J13: 1483 | K13: - | L13: - | M13: BL1 | N13: BL2 | O13: BL3 | P13: D006 | Q13: 1 | S13: M4
A14: M01-01-6-1 | B14: L11-13 | C14: 18501950 | D14: CW154H-102 | E14: CW154H-101 | F14: GL-02-SP | G14: GL-01 | H14: - | I14: 3800 | J14: 1483 | K14: - | L14: - | M14: BL1 | N14: BL2 | O14: BL3 | P14: D006 | Q14: 1 | S14: M4
... A30: M02-01-4-1 | B30: L11-29 | C30: 18501950 | D30: CW154H-102 | E30: CW154H-106 | F30: GL-02-SP | G30: GL-01 | H30: - | I30: 3800 | J30: 1483 | K30: - | L30: - | M30: BL1 | N30: BL2 | O30: BL3 | P30: D072 | Q30: 1 | S30: M14
A31: M07-01-3-1 | B31: L11-30 | C31: 18501950 | D31: CW154H-105 | E31: CW154H-105 | F31: GL-02a-SP | G31: GL-01a | H31: - | I31: 3800 | J31: C2222 | K31: H100x50x8,H100x50x8 | L31: - | M31: BL1 | N31: BL2 | O31: BL3 | P31: D103 | Q31: 1 | S31: M18
A32: M08-01-2-1 | B32: L11-31 | C32: 18501950 | D32: CW154H-106 | E32: CW154H-101 | F32: GL-02-SP | G32: GL-01 | H32: - | I32: 3800 | J32: 1461.5 | K32: - | L32: - | M32: BL1 | N32: BL2 | O32: BL3 | P32: D109 | Q32: 1 | S32: M20
A33: M01-03-3-1 | B33: L11-32 | C33: 18501950 | D33: CW154H-102 | E33: CW154H-101 | F33: GL-02-SP | G33: GL-01 | H33: - | I33: 3800 | J33: 1461.5 | K33: - | L33: 右装饰条1 | M33: BL1 | N33: BL2 | O33: BL3 | P33: D014 | Q33: 1 | S33: M8
A34: M01-01-5-1 | B34: L11-33 | C34: 18501950 | D34: CW154H-102 | E34: CW154H-101 | F34: GL-02-SP | G34: GL-01 | H34: - | I34: 3800 | J34: 1461.5 | K34: - | L34: - | M34: BL1 | N34: BL2 | O34: BL3 | P34: D005 | Q34: 1 | S34: M3
A35: M01-01-5-1 | B35: L11-34 | C35: 18501950 | D35: CW154H-102 | E35: CW154H-101 | F35: GL-02-SP | G35: GL-01 | H35: - | I35: 3800 | J35: 1461.5 | K35: - | L35: - | M35: BL1 | N35: BL2 | O35: BL3 | P35: D005 | Q35: 1 | S35: M3
A36: M01-01-5-1 | B36: L11-35 | C36: 18501950 | D36: CW154H-102 | E36: CW154H-101 | F36: GL-02-SP | G36: GL-01 | H36: - | I36: 3800 | J36: 1461.5 | K36: - | L36: - | M36: BL1 | N36: BL2 | O36: BL3 | P36: D005 | Q36: 1 | S36: M3
A37: M01-03-3-1 | B37: L11-36 | C37: 18501950 | D37: CW154H-102 | E37: CW154H-101 | F37: GL-02-SP | G37: GL-01 | H37: - | I37: 3800 | J37: 1461.5 | K37: - | L37: 右装饰条1 | M37: BL1 | N37: BL2 | O37: BL3 | P37: D014 | Q37: 1 | S37: M8
A38: M03-01-2-1 | B38: L11-37 | C38: 18501950 | D38: CW154H-102 | E38: CW154H-107 | F38: GL-02-SP | G38: GL-01 | H38: - | I38: 3800 | J38: 1461.5 | K38: - | L38: - | M38: BL1 | N38: BL2 | O38: BL3 | P38: D078 | Q38: 1 | S38: M16
A39: M10-01-3-1 | B39: L11-38 | C39: 18501950 | D39: CW154H-107 | E39: CW154H-109 | F39: AL07 | G39: AL07 | H39: - | I39: 3800 | J39: 745 | K39: - | L39: - | M39: BL1 | N39: BL2 | O39: BL3 | P39: D133 | Q39: 1
A40: M11-01-1-1 | B40: L11-39 | C40: 18501950 | D40: CW154H-109 | E40: CW154H-101 | F40: GL-02-SP | G40: GL-01 | H40: - | I40: 3800 | J40: 1438 | K40: - | L40: - | M40: BL1 | N40: BL2 | O40: BL3 | P40: D134 | Q40: 1 | S40: M24
A41: M01-01-3-1 | B41: L11-40 | C41: 18501950 | D41: CW154H-102 | E41: CW154H-101 | F41: GL-02-SP | G41: GL-01 | H41: - | I41: 3800 | J41: 1438 | K41: - | L41: - | M41: BL1 | N41: BL2 | O41: BL3 | P41: D003 | Q41: 1 | S41: M1
A42: M01-01-3-1 | B42: L11-41 | C42: 18501950 | D42: CW154H-102 | E42: CW154H-101 | F42: GL-02-SP | G42: GL-01 | H42: - | I42: 3800 | J42: 1438 | K42: - | L42: - | M42: BL1 | N42: BL2 | O42: BL3 | P42: D003 | Q42: 1 | S42: M1
A43: M01-01-3-1 | B43: L11-42 | C43: 18501950 | D43: CW154H-102 | E43: CW154H-101 | F43: GL-02-SP | G43: GL-01 | H43: - | I43: 3800 | J43: 1438 | K43: - | L43: - | M43: BL1 | N43: BL2 | O43: BL3 | P43: D003 | Q43: 1 | S43: M1
A44: M01-03-1-1 | B44: L11-43 | C44: 18501950 | D44: CW154H-102 | E44: CW154H-101 | F44: GL-02-SP | G44: GL-01 | H44: - | I44: 3800 | J44: 1438 | K44: - | L44: 右装饰条1 | M44: BL1 | N44: BL2 | O44: BL3 | P44: D012 | Q44: 1 | S44: M6
A45: M01-01-3-1 | B45: L11-44 | C45: 18501950 | D45: CW154H-102 | E45: CW154H-101 | F45: GL-02-SP | G45: GL-01 | H45: - | I45: 3800 | J45: 1438 | K45: - | L45: - | M45: BL1 | N45: BL2 | O45: BL3 | P45: D003 | Q45: 1 | S45: M1
A46: M01-01-3-1 | B46: L11-45 | C46: 18501950 | D46: CW154H-102 | E46: CW154H-101 | F46: GL-02-SP | G46: GL-01 | H46: - | I46: 3800 | J46: 1438 | K46: - | L46: - | M46: BL1 | N46: BL2 | O46: BL3 | P46: D003 | Q46: 1 | S46: M1
A47: M01-01-3-1 | B47: L11-46 | C47: 18501950 | D47: CW154H-102 | E47: CW154H-101 | F47: GL-02-SP | G47: GL-01 | H47: - | I47: 3800 | J47: 1438 | K47: - | L47: - | M47: BL1 | N47: BL2 | O47: BL3 | P47: D003 | Q47: 1 | S47: M1
A48: M01-01-3-1 | B48: L11-47 | C48: 18501950 | D48: CW154H-102 | E48: CW154H-101 | F48: GL-02-SP | G48: GL-01 | H48: - | I48: 3800 | J48: 1438 | K48: - | L48: - | M48: BL1 | N48: BL2 | O48: BL3 | P48: D003 | Q48: 1 | S48: M1
A49: M01-03-1-1 | B49: L11-48 | C49: 18501950 | D49: CW154H-102 | E49: CW154H-101 | F49: GL-02-SP | G49: GL-01 | H49: - | I49: 3800 | J49: 1438 | K49: - | L49: 右装饰条1 | M49: BL1 | N49: BL2 | O49: BL3 | P49: D012 | Q49: 1 | S49: M6
A50: M02-01-3-1 | B50: L11-49 | C50: 18501950 | D50: CW154H-102 | E50: CW154H-106 | F50: GL-02-SP | G50: GL-01 | H50: - | I50: 3800 | J50: 1438 | K50: - | L50: - | M50: BL1 | N50: BL2 | O50: BL3 | P50: D071 | Q50: 1 | S50: M13
A51: M07-01-3-2 | B51: L11-50 | C51: 18501950 | D51: CW154H-105 | E51: CW154H-105 | F51: GL-02a-SP | G51: GL-01a | H51: - | I51: 3800 | J51: C2222 | K51: H100x50x8,H100x50x8 | L51: - | M51: BL1 | N51: BL2 | O51: BL3 | P51: D103 | Q51: 1 | S51: M19
A52: M08-01-4-1 | B52: L11-51 | C52: 18501950 | D52: CW154H-106 | E52: CW154H-101 | F52: GL-02-SP | G52: GL-01 | H52: - | I52: 3800 | J52: 1494 | K52: - | L52: - | M52: BL1 | N52: BL2 | O52: BL3 | P52: D111 | Q52: 1 | S52: M21
A53: M01-01-7-1 | B53: L11-52 | C53: 18501950 | D53: CW154H-102 | E53: CW154H-101 | F53: GL-02-SP | G53: GL-01 | H53: - | I53: 3800 | J53: 1494 | K53: - | L53: - | M53: BL1 | N53: BL2 | O53: BL3 | P53: D007 | Q53: 1 | S53: M5
A54: M01-03-5-1 | B54: L11-53 | C54: 18501950 | D54: CW154H-102 | E54: CW154H-101 | F54: GL-02-SP | G54: GL-01 | H54: - | I54: 3800 | J54: 1494 | K54: - | L54: 右装饰条1 | M54: BL1 | N54: BL2 | O54: BL3 | P54: D016 | Q54: 1 | S54: M10
A55: M01-01-7-1 | B55: L11-54 | C55: 18501950 | D55: CW154H-102 | E55: CW154H-101 | F55: GL-02-SP | G55: GL-01 | H55: - | I55: 3800 | J55: 1494 | K55: - | L55: - | M55: BL1 | N55: BL2 | O55: BL3 | P55: D007 | Q55: 1 | S55: M5
A56: M01-01-7-1 | B56: L11-55 | C56: 18501950 | D56: CW154H-102 | E56: CW154H-101 | F56: GL-02-SP | G56: GL-01 | H56: - | I56: 3800 | J56: 1494 | K56: - | L56: - | M56: BL1 | N56: BL2 | O56: BL3 | P56: D007 | Q56: 1 | S56: M5
A57: M01-01-7-1 | B57: L11-56 | C57: 18501950 | D57: CW154H-102 | E57: CW154H-101 | F57: GL-02-SP | G57: GL-01 | H57: - | I57: 3800 | J57: 1494 | K57: - | L57: - | M57: BL1 | N57: BL2 | O57: BL3 | P57: D007 | Q57: 1 | S57: M5
A58: M01-03-5-1 | B58: L11-57 | C58: 18501950 | D58: CW154H-102 | E58: CW154H-101 | F58: GL-02-SP | G58: GL-01 | H58: - | I58: 3800 | J58: 1494 | K58: - | L58: 右装饰条1 | M58: BL1 | N58: BL2 | O58: BL3 | P58: D016 | Q58: 1 | S58: M10
A59: M01-01-7-1 | B59: L11-58 | C59: 18501950 | D59: CW154H-102 | E59: CW154H-101 | F59: GL-02-SP | G59: GL-01 | H59: - | I59: 3800 | J59: 1494 | K59: - | L59: - | M59: BL1 | N59: BL2 | O59: BL3 | P59: D007 | Q59: 1 | S59: M5
A60: M01-05-5-1 | B60: L11-59 | C60: 18501950 | D60: CW154H-102 | E60: CW154H-101 | F60: GL-02-SP | G60: GL-01 | H60: - | I60: 3800 | J60: 1494 | K60: - | L60: 右装饰条2 | M60: BL1 | N60: BL2 | O60: BL3 | P60: D023 | Q60: 1 | S60: M11
A61: M01-01-7-1 | B61: L11-60 | C61: 18501950 | D61: CW154H-102 | E61: CW154H-101 | F61: GL-02-SP | G61: GL-01 | H61: - | I61: 3800 | J61: 1494 | K61: - | L61: - | M61: BL1 | N61: BL2 | O61: BL3 | P61: D007 | Q61: 1 | S61: M5
A62: M01-01-7-1 | B62: L11-61 | C62: 18501950 | D62: CW154H-102 | E62: CW154H-101 | F62: GL-02-SP | G62: GL-01 | H62: - | I62: 3800 | J62: 1494 | K62: - | L62: - | M62: BL1 | N62: BL2 | O62: BL3 | P62: D007 | Q62: 1 | S62: M5
A63: M01-01-7-1 | B63: L11-62 | C63: 18501950 | D63: CW154H-102 | E63: CW154H-101 | F63: GL-02-SP | G63: GL-01 | H63: - | I63: 3800 | J63: 1494 | K63: - | L63: - | M63: BL1 | N63: BL2 | O63: BL3 | P63: D007 | Q63: 1 | S63: M5
... A79: M02-01-5-1 | B79: L11-78 | C79: 18501950 | D79: CW154H-102 | E79: CW154H-106 | F79: GL-02-SP | G79: GL-01 | H79: - | I79: 3800 | J79: 1494 | K79: - | L79: - | M79: BL1 | N79: BL2 | O79: BL3 | P79: D073 | Q79: 1 | S79: M15
A80: M07-01-3-1 | B80: L11-79 | C80: 18501950 | D80: CW154H-105 | E80: CW154H-105 | F80: GL-02a-SP | G80: GL-01a | H80: - | I80: 3800 | J80: C2222 | K80: H100x50x8,H100x50x8 | L80: - | M80: BL1 | N80: BL2 | O80: BL3 | P80: D103 | Q80: 1 | S80: M18
A81: M08-03-1-1 | B81: L11-80 | C81: 18501950 | D81: CW154H-106 | E81: CW154H-101 | F81: GL-02-SP | G81: GL-01 | H81: - | I81: 3800 | J81: 1445 | K81: - | L81: 右装饰条1 | M81: BL1 | N81: BL2 | O81: BL3 | P81: D113 | Q81: 1 | S81: M22
A82: M01-01-4-1 | B82: L11-81 | C82: 18501950 | D82: CW154H-102 | E82: CW154H-101 | F82: GL-02-SP | G82: GL-01 | H82: - | I82: 3800 | J82: 1445 | K82: - | L82: - | M82: BL1 | N82: BL2 | O82: BL3 | P82: D004 | Q82: 1 | S82: M2
A83: M01-01-4-1 | B83: L11-82 | C83: 18501950 | D83: CW154H-102 | E83: CW154H-101 | F83: GL-02-SP | G83: GL-01 | H83: - | I83: 3800 | J83: 1445 | K83: - | L83: - | M83: BL1 | N83: BL2 | O83: BL3 | P83: D004 | Q83: 1 | S83: M2
A84: M01-01-4-1 | B84: L11-83 | C84: 18501950 | D84: CW154H-102 | E84: CW154H-101 | F84: GL-02-SP | G84: GL-01 | H84: - | I84: 3800 | J84: 1445 | K84: - | L84: - | M84: BL1 | N84: BL2 | O84: BL3 | P84: D004 | Q84: 1 | S84: M2
A85: M01-01-4-1 | B85: L11-84 | C85: 18501950 | D85: CW154H-102 | E85: CW154H-101 | F85: GL-02-SP | G85: GL-01 | H85: - | I85: 3800 | J85: 1445 | K85: - | L85: - | M85: BL1 | N85: BL2 | O85: BL3 | P85: D004 | Q85: 1 | S85: M2
A86: M01-01-4-1 | B86: L11-85 | C86: 18501950 | D86: CW154H-102 | E86: CW154H-101 | F86: GL-02-SP | G86: GL-01 | H86: - | I86: 3800 | J86: 1445 | K86: - | L86: - | M86: BL1 | N86: BL2 | O86: BL3 | P86: D004 | Q86: 1 | S86: M2
A87: M01-01-4-1 | B87: L11-86 | C87: 18501950 | D87: CW154H-102 | E87: CW154H-101 | F87: GL-02-SP | G87: GL-01 | H87: - | I87: 3800 | J87: 1445 | K87: - | L87: - | M87: BL1 | N87: BL2 | O87: BL3 | P87: D004 | Q87: 1 | S87: M2
A88: M01-01-4-1 | B88: L11-87 | C88: 18501950 | D88: CW154H-102 | E88: CW154H-101 | F88: GL-02-SP | G88: GL-01 | H88: - | I88: 3800 | J88: 1445 | K88: - | L88: - | M88: BL1 | N88: BL2 | O88: BL3 | P88: D004 | Q88: 1 | S88: M2
A89: M01-01-4-1 | B89: L11-88 | C89: 18501950 | D89: CW154H-102 | E89: CW154H-101 | F89: GL-02-SP | G89: GL-01 | H89: - | I89: 3800 | J89: 1445 | K89: - | L89: - | M89: BL1 | N89: BL2 | O89: BL3 | P89: D004 | Q89: 1 | S89: M2
A90: M01-01-4-1 | B90: L11-89 | C90: 18501950 | D90: CW154H-102 | E90: CW154H-101 | F90: GL-02-SP | G90: GL-01 | H90: - | I90: 3800 | J90: 1445 | K90: - | L90: - | M90: BL1 | N90: BL2 | O90: BL3 | P90: D004 | Q90: 1 | S90: M2
A91: M01-01-4-1 | B91: L11-90 | C91: 18501950 | D91: CW154H-102 | E91: CW154H-101 | F91: GL-02-SP | G91: GL-01 | H91: - | I91: 3800 | J91: 1445 | K91: - | L91: - | M91: BL1 | N91: BL2 | O91: BL3 | P91: D004 | Q91: 1 | S91: M2
A92: M01-01-4-1 | B92: L11-91 | C92: 18501950 | D92: CW154H-102 | E92: CW154H-101 | F92: GL-02-SP | G92: GL-01 | H92: - | I92: 3800 | J92: 1445 | K92: - | L92: - | M92: BL1 | N92: BL2 | O92: BL3 | P92: D004 | Q92: 1 | S92: M2
... A98: M05-01-5-1 | B98: L11-97 | C98: 18501950 | D98: CW154H-104 | E98: CW154H-106 | F98: GL-02a-SP | G98: GL-01a | H98: - | I98: 3800 | J98: 1445 | K98: - | L98: - | M98: BL1 | N98: BL2 | O98: BL3 | P98: D098 | Q98: 1 | S98: M17

Sheet M01-01-3-1
W2: 函数区，请勿编辑
F4: 项目名称： | H4: DARWIN CIVIC CENTRE | J4: 单元体加工单 | O4: 分格尺寸： | P4: 3800 | Q4: * | R4: 1438
F5: 工程编号： | H5: SYE-HK-25C004 | J5: 加工单编号： | K5: M01-01-3-1 | M5: 版 本： | N5: V0 | O5: 板块尺寸： | P5: 3830 | Q5: * | R5: 1459.5 | S5: * | T5: 262.5
F6: 板块名称： | H6: 见"板块名称"列 | J6: 加工部位： | K6: 11F | M6: 加工总数： | N6: =SUMPRODUCT(--(R9:R73<>"")) -> 7 | O6: 樘
B7: 函数区，请勿编辑 | F7: 装配图号： | H7: M01-01-3-1 | J7: 设 计： | K7: 彭玲 | M7: 核 对： | N7: 张小明 | P7: 批准： | Q7: 刘维 | W7: 铝材优化 | AE7: 铝材清单 | AP7: 配件清单 | AY7: 玻璃清单 | BI7: 铝板清单 | BS7: 镀锌铁皮清单 | CC7: 铁件清单
E8: 序号 | F8: 序号 | G8: 类型 | H8: 零件名称 | I8: 模号/型号 | J8: 零件编号 | K8: 加工图编号 | L8: 长度/H | M8: 宽度/W | N8: 厚度/t | O8: 数量/樘 | P8: 单位 | Q8: 板块名称 | W8: 型材名称 | X8: 厂家模号 | Y8: 长度 | Z8: 图纸编号 | AA8: 数量 | AB8: 颜色 | AC8: 类型 | AE8: 材料编号 | AF8: 铝材名称 | AG8: 厂家模号 | AH8: 颜色/表面处理（代码） | AI8: 长度 | AJ8: 线密度（kg/m） | AK8: 数量(支) | AL8: 重量 | AM8: 颜色/表面处理（具体色号） | AN8: 备 注 | AP8: 编号/规格型号 | AQ8: 配件名称 | AR8: 类型/材料/表面处理 | AS8: 数量 | AT8: 单位 | AU8: 订料编号 | AV8: 回料情况 | AW8: 供应商/备注 | AY8: 单元板编号 | AZ8: 玻璃编号 | BA8: 玻璃配置描述 | BB8: 宽 | BC8: 高 | BD8: 数量 | BE8: 面积 | BF8: 图纸编号 | BG8: 备注 | BI8: 单元板编号 | BJ8: 板材编号 | BK8: 板材名称 | BL8: 宽 | BM8: 高 | BN8: 数量 | BO8: 面积 | BP8: 图纸编号 | BQ8: 备注 | BS8: 单元板编号 | BT8: 板材编号 | BU8: 板材名称 | BV8: 宽 | BW8: 高 | BX8: 数量 | BY8: 面积 | BZ8: 图纸编号 | CA8: 备注 | CC8: 单元板编号 | CD8: 铁件编号 | CE8: 铁件名称 | CF8: 长(mm) | CG8: 米重kg/m | CH8: 数量 | CI8: 表面处理 | CJ8: 图纸编号 | CK8: 备注
B9: =IF(G9<>G8,B8+1,B8) -> 1 | C9: =IF(G9<>G8,1,C8+1) -> 1 | D9: =IF(G9="","",IFERROR(IF(AND(B9<>"",C9<>""),B9&"."&C9,""),"")) | E9: 1 | F9: 主材 | R9: {=IFERROR(INDEX(板块数量!$B$2:$B$118,MATCH(0,IF((板块数量!$A$2:$A$118=$K$5)*(板块数量!$B$2:$B$118<>""),COUNTIF($R$8:R8,板块数量!$B$2:$B$118),1),0)),"")} -> L11-40 | W9: =IF(OR($G9="型材",$G9="尼龙"),H9,"-") -> - | X9: =IF(OR($G9="型材",$G9="尼龙"),I9,"-") -> - | Y9: =IF(OR($G9="型材",$G9="尼龙"),L9,"-") -> - | Z9: =IF(OR(G9="型材",G9="尼龙"),K9,"-") -> - | AA9: =IF(OR($G9="型材",$G9="尼龙"),$N$6*O9,"-") -> - | AF9: =IF(OR(G9="型材",G9="尼龙"),H9,"-") -> - | AG9: =IF(OR(G9="型材",G9="尼龙"),I9,"-") -> - | AI9: =IF(OR(G9="型材",G9="尼龙"),L9,"-") -> - | AK9: =IF(OR(G9="型材",G9="尼龙"),$N$6*O9,"-") -> - | AP9: =IF($G9="配件",I9,"-") -> - | AQ9: =IF($G9="配件",H9,"-") -> - | AS9: =IF(OR(H9="泡沫条",H9="胶条"),$N$6*L9*O9/1000,IF(OR(H9="双面贴",H9="胶带"),L9*O9/1000,IF(AP9<>"-",$N$6*O9,"-"))) -> - | AT9: =IF(OR(H9="胶条",H9="泡沫条",H9="双面贴",H9="胶带"),"米",IF(AP9<>"-",P9,"-")) -> - | AY9: =IF($G9="玻璃",$H$7,"-") -> - | AZ9: =IF($G9="玻璃",J9,"-") -> - | BB9: =IF($G9="玻璃",M9,"-") -> - | BC9: =IF($G9="玻璃",L9,"-") -> - | BD9: =IF($G9="玻璃",$N$6*O9,"-") -> - | BE9: =BD9*BC9*BB9/1000000 -> #VALUE! | BF9: =IF($G9="玻璃",K9,"-") -> - | BI9: =IF($G9="铝板",$H$7,"-") -> - | BJ9: =IF($G9="铝板",J9,"-") -> - | BK9: =IF($G9="铝板",H9,"-") -> - | BL9: =IF($G9="铝板",M9,"-") -> - | BM9: =IF($G9="铝板",L9,"-") -> - | BN9: =IF($G9="铝板",$N$6*O9,"-") -> - | BO9: =BN9*BM9*BL9/1000000 -> #VALUE! | BP9: =IF($G9="铝板",K9,"-") -> - | BS9: =IF($G9="铁皮",$H$7,"-") -> - | BT9: =IF($G9="铁皮",J9,"-") -> - | BU9: =IF($G9="铁皮",H9,"-") -> - | BV9: =IF($G9="铁皮",M9,"-") -> - | BW9: =IF($G9="铁皮",L9,"-") -> - | BX9: =IF($G9="铁皮",$N$6*O9,"-") -> - | BY9: =BX9*BW9*BV9/1000000 -> #VALUE! | BZ9: =IF($G9="铁皮",K9,"-") -> - | CC9: =IF(G9="钢材",$H$7,"-") -> - | CD9: =IF(G9="钢材",J9,"-") -> - | CE9: =IF(G9="钢材",H9,"-") -> - | CF9: =IF(G9="钢材",L9,"-") -> - | CH9: =IF(G9="钢材",$N$6*O9,"-") -> - | CJ9: =IF(G9="钢材",K9,"-") -> - | CK9: =IF(G9="钢材",Q9,"-") -> -
B10: =IF(G10<>G9,B9+1,B9) -> 2 | C10: =IF(G10<>G9,1,C9+1) -> 1 | D10: =IF(G10="","",IFERROR(IF(AND(B10<>"",C10<>""),B10&"."&C10,""),"")) -> 2.1 | E10: 2 | F10: 1 | G10: 铁皮 | H10: 1.2mm镀锌铁皮 | I10: DX51D+Z-70 | J10: 板块名-SP01 | K10: - | L10: 1729 | M10: 1334 | N10: 1 | O10: 1 | P10: 块 | R10: {=IFERROR(INDEX(板块数量!$B$2:$B$118,MATCH(0,IF((板块数量!$A$2:$A$118=$K$5)*(板块数量!$B$2:$B$118<>""),COUNTIF($R$8:R9,板块数量!$B$2:$B$118),1),0)),"")} -> L11-41 | W10: =IF(OR(G10="型材",G10="尼龙"),H10,"-") -> - | X10: =IF(OR(G10="型材",G10="尼龙"),I10,"-") -> - | Y10: =IF(OR(G10="型材",G10="尼龙"),L10,"-") -> - | Z10: =IF(OR(G10="型材",G10="尼龙"),K10,"-") -> - | AA10: =IF(OR(G10="型材",G10="尼龙"),$N$6*O10,"-") -> - | AF10: =IF(OR(G10="型材",G10="尼龙"),H10,"-") -> - | AG10: =IF(OR(G10="型材",G10="尼龙"),I10,"-") -> - | AI10: =IF(OR(G10="型材",G10="尼龙"),L10,"-") -> - | AK10: =IF(OR(G10="型材",G10="尼龙"),$N$6*O10,"-") -> - | AP10: =IF($G10="配件",I10,"-") -> - | AQ10: =IF($G10="配件",H10,"-") -> - | AS10: =IF(OR(H10="泡沫条",H10="胶条"),$N$6*L10*O10/1000,IF(OR(H10="双面贴",H10="胶带"),L10*O10/1000,IF(AP10<>"-",$N$6*O10,"-"))) -> - | AT10: =IF(OR(H10="胶条",H10="泡沫条",H10="双面贴",H10="胶带"),"米",IF(AP10<>"-",P10,"-")) -> - | AY10: =IF($G10="玻璃",$H$7,"-") -> - | AZ10: =IF($G10="玻璃",J10,"-") -> - | BB10: =IF($G10="玻璃",M10,"-") -> - | BC10: =IF($G10="玻璃",L10,"-") -> - | BD10: =IF($G10="玻璃",$N$6*O10,"-") -> - | BE10: =BD10*BC10*BB10/1000000 -> #VALUE! | BF10: =IF($G10="玻璃",K10,"-") -> - | BI10: =IF($G10="铝板",$H$7,"-") -> - | BJ10: =IF($G10="铝板",J10,"-") -> - | BK10: =IF($G10="铝板",H10,"-") -> - | BL10: =IF($G10="铝板",M10,"-") -> - | BM10: =IF($G10="铝板",L10,"-") -> - | BN10: =IF($G10="铝板",$N$6*O10,"-") -> - | BO10: =BN10*BM10*BL10/1000000 -> #VALUE! | BP10: =IF($G10="铝板",K10,"-") -> - | BS10: =IF($G10="铁皮",$H$7,"-") -> M01-01-3-1 | BT10: =IF($G10="铁皮",J10,"-") -> 板块名-SP01 | BU10: =IF($G10="铁皮",H10,"-") -> 1.2mm镀锌铁皮 | BV10: =IF($G10="铁皮",M10,"-") -> 1334 | BW10: =IF($G10="铁皮",L10,"-") -> 1729 | BX10: =IF($G10="铁皮",$N$6*O10,"-") -> 7 | BY10: =BX10*BW10*BV10/1000000 -> 16.145402 | BZ10: =IF($G10="铁皮",K10,"-") -> - | CC10: =IF(G10="钢材",$H$7,"-") -> - | CD10: =IF(G10="钢材",J10,"-") -> - | CE10: =IF(G10="钢材",H10,"-") -> - | CF10: =IF(G10="钢材",L10,"-") -> - | CH10: =IF(G10="钢材",$N$6*O10,"-") -> - | CJ10: =IF(G10="钢材",K10,"-") -> - | CK10: =IF(G10="钢材",Q10,"-") -> -
B11: =IF(G11<>G10,B10+1,B10) -> 3 | C11: =IF(G11<>G10,1,C10+1) -> 1 | D11: =IF(G11="","",IFERROR(IF(AND(B11<>"",C11<>""),B11&"."&C11,""),"")) -> 3.1 | E11: 3 | F11: 2 | G11: 玻璃 | H11: GL02 | I11: GL02 | J11: 板块名-GL02-01 | K11: - | L11: 1808 | M11: 1402 | N11: 24 | O11: 1 | P11: 块 | R11: {=IFERROR(INDEX(板块数量!$B$2:$B$118,MATCH(0,IF((板块数量!$A$2:$A$118=$K$5)*(板块数量!$B$2:$B$118<>""),COUNTIF($R$8:R10,板块数量!$B$2:$B$118),1),0)),"")} -> L11-42 | W11: =IF(OR(G11="型材",G11="尼龙"),H11,"-") -> - | X11: =IF(OR(G11="型材",G11="尼龙"),I11,"-") -> - | Y11: =IF(OR(G11="型材",G11="尼龙"),L11,"-") -> - | Z11: =IF(OR(G11="型材",G11="尼龙"),K11,"-") -> - | AA11: =IF(OR(G11="型材",G11="尼龙"),$N$6*O11,"-") -> - | AF11: =IF(OR(G11="型材",G11="尼龙"),H11,"-") -> - | AG11: =IF(OR(G11="型材",G11="尼龙"),I11,"-") -> - | AI11: =IF(OR(G11="型材",G11="尼龙"),L11,"-") -> - | AK11: =IF(OR(G11="型材",G11="尼龙"),$N$6*O11,"-") -> - | AP11: =IF($G11="配件",I11,"-") -> - | AQ11: =IF($G11="配件",H11,"-") -> - | AS11: =IF(OR(H11="泡沫条",H11="胶条"),$N$6*L11*O11/1000,IF(OR(H11="双面贴",H11="胶带"),L11*O11/1000,IF(AP11<>"-",$N$6*O11,"-"))) -> - | AT11: =IF(OR(H11="胶条",H11="泡沫条",H11="双面贴",H11="胶带"),"米",IF(AP11<>"-",P11,"-")) -> - | AY11: =IF($G11="玻璃",$H$7,"-") -> M01-01-3-1 | AZ11: =IF($G11="玻璃",J11,"-") -> 板块名-GL02-01 | BB11: =IF($G11="玻璃",M11,"-") -> 1402 | BC11: =IF($G11="玻璃",L11,"-") -> 1808 | BD11: =IF($G11="玻璃",$N$6*O11,"-") -> 7 | BE11: =BD11*BC11*BB11/1000000 -> 17.743712 | BF11: =IF($G11="玻璃",K11,"-") -> - | BI11: =IF($G11="铝板",$H$7,"-") -> - | BJ11: =IF($G11="铝板",J11,"-") -> - | BK11: =IF($G11="铝板",H11,"-") -> - | BL11: =IF($G11="铝板",M11,"-") -> - | BM11: =IF($G11="铝板",L11,"-") -> - | BN11: =IF($G11="铝板",$N$6*O11,"-") -> - | BO11: =BN11*BM11*BL11/1000000 -> #VALUE! | BP11: =IF($G11="铝板",K11,"-") -> - | BS11: =IF($G11="铁皮",$H$7,"-") -> - | BT11: =IF($G11="铁皮",J11,"-") -> - | BU11: =IF($G11="铁皮",H11,"-") -> - | BV11: =IF($G11="铁皮",M11,"-") -> - | BW11: =IF($G11="铁皮",L11,"-") -> - | BX11: =IF($G11="铁皮",$N$6*O11,"-") -> - | BY11: =BX11*BW11*BV11/1000000 -> #VALUE! | BZ11: =IF($G11="铁皮",K11,"-") -> - | CC11: =IF(G11="钢材",$H$7,"-") -> - | CD11: =IF(G11="钢材",J11,"-") -> - | CE11: =IF(G11="钢材",H11,"-") -> - | CF11: =IF(G11="钢材",L11,"-") -> - | CH11: =IF(G11="钢材",$N$6*O11,"-") -> - | CJ11: =IF(G11="钢材",K11,"-") -> - | CK11: =IF(G11="钢材",Q11,"-") -> -
B12: =IF(G12<>G11,B11+1,B11) -> 3 | C12: =IF(G12<>G11,1,C11+1) -> 2 | D12: =IF(G12="","",IFERROR(IF(AND(B12<>"",C12<>""),B12&"."&C12,""),"")) -> 3.2 | E12: 4 | F12: 3 | G12: 玻璃 | H12: GL01 | I12: GL01 | J12: 板块名-GL01-01 | K12: - | L12: 1907 | M12: 1402 | N12: 24 | O12: 1 | P12: 块 | R12: {=IFERROR(INDEX(板块数量!$B$2:$B$118,MATCH(0,IF((板块数量!$A$2:$A$118=$K$5)*(板块数量!$B$2:$B$118<>""),COUNTIF($R$8:R11,板块数量!$B$2:$B$118),1),0)),"")} -> L11-44 | W12: =IF(OR(G12="型材",G12="尼龙"),H12,"-") -> - | X12: =IF(OR(G12="型材",G12="尼龙"),I12,"-") -> - | Y12: =IF(OR(G12="型材",G12="尼龙"),L12,"-") -> - | Z12: =IF(OR(G12="型材",G12="尼龙"),K12,"-") -> - | AA12: =IF(OR(G12="型材",G12="尼龙"),$N$6*O12,"-") -> - | AF12: =IF(OR(G12="型材",G12="尼龙"),H12,"-") -> - | AG12: =IF(OR(G12="型材",G12="尼龙"),I12,"-") -> - | AI12: =IF(OR(G12="型材",G12="尼龙"),L12,"-") -> - | AK12: =IF(OR(G12="型材",G12="尼龙"),$N$6*O12,"-") -> - | AP12: =IF($G12="配件",I12,"-") -> - | AQ12: =IF($G12="配件",H12,"-") -> - | AS12: =IF(OR(H12="泡沫条",H12="胶条"),$N$6*L12*O12/1000,IF(OR(H12="双面贴",H12="胶带"),L12*O12/1000,IF(AP12<>"-",$N$6*O12,"-"))) -> - | AT12: =IF(OR(H12="胶条",H12="泡沫条",H12="双面贴",H12="胶带"),"米",IF(AP12<>"-",P12,"-")) -> - | AY12: =IF($G12="玻璃",$H$7,"-") -> M01-01-3-1 | AZ12: =IF($G12="玻璃",J12,"-") -> 板块名-GL01-01 | BB12: =IF($G12="玻璃",M12,"-") -> 1402 | BC12: =IF($G12="玻璃",L12,"-") -> 1907 | BD12: =IF($G12="玻璃",$N$6*O12,"-") -> 7 | BE12: =BD12*BC12*BB12/1000000 -> 18.715298 | BF12: =IF($G12="玻璃",K12,"-") -> - | BI12: =IF($G12="铝板",$H$7,"-") -> - | BJ12: =IF($G12="铝板",J12,"-") -> - | BK12: =IF($G12="铝板",H12,"-") -> - | BL12: =IF($G12="铝板",M12,"-") -> - | BM12: =IF($G12="铝板",L12,"-") -> - | BN12: =IF($G12="铝板",$N$6*O12,"-") -> - | BO12: =BN12*BM12*BL12/1000000 -> #VALUE! | BP12: =IF($G12="铝板",K12,"-") -> - | BS12: =IF($G12="铁皮",$H$7,"-") -> - | BT12: =IF($G12="铁皮",J12,"-") -> - | BU12: =IF($G12="铁皮",H12,"-") -> - | BV12: =IF($G12="铁皮",M12,"-") -> - | BW12: =IF($G12="铁皮",L12,"-") -> - | BX12: =IF($G12="铁皮",$N$6*O12,"-") -> - | BY12: =BX12*BW12*BV12/1000000 -> #VALUE! | BZ12: =IF($G12="铁皮",K12,"-") -> - | CC12: =IF(G12="钢材",$H$7,"-") -> - | CD12: =IF(G12="钢材",J12,"-") -> - | CE12: =IF(G12="钢材",H12,"-") -> - | CF12: =IF(G12="钢材",L12,"-") -> - | CH12: =IF(G12="钢材",$N$6*O12,"-") -> - | CJ12: =IF(G12="钢材",K12,"-") -> - | CK12: =IF(G12="钢材",Q12,"-") -> -
B13: =IF(G13<>G12,B12+1,B12) -> 4 | C13: =IF(G13<>G12,1,C12+1) -> 1 | D13: =IF(G13="","",IFERROR(IF(AND(B13<>"",C13<>""),B13&"."&C13,""),"")) -> 4.1 | E13: 5 | F13: 4 | G13: 尼龙 | H13: 隔热条 | I13: SYE-NL08 | J13: SYE-NL08-03 | K13: SYE-NL08-03 | L13: 3760 | M13: 7.6 | N13: 33.1 | O13: 2 | P13: 支 | R13: {=IFERROR(INDEX(板块数量!$B$2:$B$118,MATCH(0,IF((板块数量!$A$2:$A$118=$K$5)*(板块数量!$B$2:$B$118<>""),COUNTIF($R$8:R12,板块数量!$B$2:$B$118),1),0)),"")} -> L11-45 | W13: =IF(OR(G13="型材",G13="尼龙"),H13,"-") -> 隔热条 | X13: =IF(OR(G13="型材",G13="尼龙"),I13,"-") -> SYE-NL08 | Y13: =IF(OR(G13="型材",G13="尼龙"),L13,"-") -> 3760 | Z13: =IF(OR(G13="型材",G13="尼龙"),K13,"-") -> SYE-NL08-03 | AA13: =IF(OR(G13="型材",G13="尼龙"),$N$6*O13,"-") -> 14 | AF13: =IF(OR(G13="型材",G13="尼龙"),H13,"-") -> 隔热条 | AG13: =IF(OR(G13="型材",G13="尼龙"),I13,"-") -> SYE-NL08 | AI13: =IF(OR(G13="型材",G13="尼龙"),L13,"-") -> 3760 | AK13: =IF(OR(G13="型材",G13="尼龙"),$N$6*O13,"-") -> 14 | AP13: =IF($G13="配件",I13,"-") -> - | AQ13: =IF($G13="配件",H13,"-") -> - | AS13: =IF(OR(H13="泡沫条",H13="胶条"),$N$6*L13*O13/1000,IF(OR(H13="双面贴",H13="胶带"),L13*O13/1000,IF(AP13<>"-",$N$6*O13,"-"))) -> - | AT13: =IF(OR(H13="胶条",H13="泡沫条",H13="双面贴",H13="胶带"),"米",IF(AP13<>"-",P13,"-")) -> - | AY13: =IF($G13="玻璃",$H$7,"-") -> - | AZ13: =IF($G13="玻璃",J13,"-") -> - | BB13: =IF($G13="玻璃",M13,"-") -> - | BC13: =IF($G13="玻璃",L13,"-") -> - | BD13: =IF($G13="玻璃",$N$6*O13,"-") -> - | BE13: =BD13*BC13*BB13/1000000 -> #VALUE! | BF13: =IF($G13="玻璃",K13,"-") -> - | BI13: =IF($G13="铝板",$H$7,"-") -> - | BJ13: =IF($G13="铝板",J13,"-") -> - | BK13: =IF($G13="铝板",H13,"-") -> - | BL13: =IF($G13="铝板",M13,"-") -> - | BM13: =IF($G13="铝板",L13,"-") -> - | BN13: =IF($G13="铝板",$N$6*O13,"-") -> - | BO13: =BN13*BM13*BL13/1000000 -> #VALUE! | BP13: =IF($G13="铝板",K13,"-") -> - | BS13: =IF($G13="铁皮",$H$7,"-") -> - | BT13: =IF($G13="铁皮",J13,"-") -> - | BU13: =IF($G13="铁皮",H13,"-") -> - | BV13: =IF($G13="铁皮",M13,"-") -> - | BW13: =IF($G13="铁皮",L13,"-") -> - | BX13: =IF($G13="铁皮",$N$6*O13,"-") -> - | BY13: =BX13*BW13*BV13/1000000 -> #VALUE! | BZ13: =IF($G13="铁皮",K13,"-") -> - | CC13: =IF(G13="钢材",$H$7,"-") -> - | CD13: =IF(G13="钢材",J13,"-") -> - | CE13: =IF(G13="钢材",H13,"-") -> - | CF13: =IF(G13="钢材",L13,"-") -> - | CH13: =IF(G13="钢材",$N$6*O13,"-") -> - | CJ13: =IF(G13="钢材",K13,"-") -> - | CK13: =IF(G13="钢材",Q13,"-") -> -
B14: =IF(G14<>G13,B13+1,B13) -> 5 | C14: =IF(G14<>G13,1,C13+1) -> 1 | D14: =IF(G14="","",IFERROR(IF(AND(B14<>"",C14<>""),B14&"."&C14,""),"")) -> 5.1 | E14: 6 | F14: 5 | G14: 型材 | H14: 转接件 | I14: DCC154H-607-LL | J14: CW154H-607-01 | K14: CW154H-607-01 | L14: 1338 | M14: 91 | N14: 6.2 | O14: 1 | P14: 支 | R14: {=IFERROR(INDEX(板块数量!$B$2:$B$118,MATCH(0,IF((板块数量!$A$2:$A$118=$K$5)*(板块数量!$B$2:$B$118<>""),COUNTIF($R$8:R13,板块数量!$B$2:$B$118),1),0)),"")} -> L11-46 | W14: =IF(OR(G14="型材",G14="尼龙"),H14,"-") -> 转接件 | X14: =IF(OR(G14="型材",G14="尼龙"),I14,"-") -> DCC154H-607-LL | Y14: =IF(OR(G14="型材",G14="尼龙"),L14,"-") -> 1338 | Z14: =IF(OR(G14="型材",G14="尼龙"),K14,"-") -> CW154H-607-01 | AA14: =IF(OR(G14="型材",G14="尼龙"),$N$6*O14,"-") -> 7 | AF14: =IF(OR(G14="型材",G14="尼龙"),H14,"-") -> 转接件 | AG14: =IF(OR(G14="型材",G14="尼龙"),I14,"-") -> DCC154H-607-LL | AI14: =IF(OR(G14="型材",G14="尼龙"),L14,"-") -> 1338 | AK14: =IF(OR(G14="型材",G14="尼龙"),$N$6*O14,"-") -> 7 | AP14: =IF($G14="配件",I14,"-") -> - | AQ14: =IF($G14="配件",H14,"-") -> - | AS14: =IF(OR(H14="泡沫条",H14="胶条"),$N$6*L14*O14/1000,IF(OR(H14="双面贴",H14="胶带"),L14*O14/1000,IF(AP14<>"-",$N$6*O14,"-"))) -> - | AT14: =IF(OR(H14="胶条",H14="泡沫条",H14="双面贴",H14="胶带"),"米",IF(AP14<>"-",P14,"-")) -> - | AY14: =IF($G14="玻璃",$H$7,"-") -> - | AZ14: =IF($G14="玻璃",J14,"-") -> - | BB14: =IF($G14="玻璃",M14,"-") -> - | BC14: =IF($G14="玻璃",L14,"-") -> - | BD14: =IF($G14="玻璃",$N$6*O14,"-") -> - | BE14: =BD14*BC14*BB14/1000000 -> #VALUE! | BF14: =IF($G14="玻璃",K14,"-") -> - | BI14: =IF($G14="铝板",$H$7,"-") -> - | BJ14: =IF($G14="铝板",J14,"-") -> - | BK14: =IF($G14="铝板",H14,"-") -> - | BL14: =IF($G14="铝板",M14,"-") -> - | BM14: =IF($G14="铝板",L14,"-") -> - | BN14: =IF($G14="铝板",$N$6*O14,"-") -> - | BO14: =BN14*BM14*BL14/1000000 -> #VALUE! | BP14: =IF($G14="铝板",K14,"-") -> - | BS14: =IF($G14="铁皮",$H$7,"-") -> - | BT14: =IF($G14="铁皮",J14,"-") -> - | BU14: =IF($G14="铁皮",H14,"-") -> - | BV14: =IF($G14="铁皮",M14,"-") -> - | BW14: =IF($G14="铁皮",L14,"-") -> - | BX14: =IF($G14="铁皮",$N$6*O14,"-") -> - | BY14: =BX14*BW14*BV14/1000000 -> #VALUE! | BZ14: =IF($G14="铁皮",K14,"-") -> - | CC14: =IF(G14="钢材",$H$7,"-") -> - | CD14: =IF(G14="钢材",J14,"-") -> - | CE14: =IF(G14="钢材",H14,"-") -> - | CF14: =IF(G14="钢材",L14,"-") -> - | CH14: =IF(G14="钢材",$N$6*O14,"-") -> - | CJ14: =IF(G14="钢材",K14,"-") -> - | CK14: =IF(G14="钢材",Q14,"-") -> -
B15: =IF(G15<>G14,B14+1,B14) -> 5 | C15: =IF(G15<>G14,1,C14+1) -> 2 | D15: =IF(G15="","",IFERROR(IF(AND(B15<>"",C15<>""),B15&"."&C15,""),"")) -> 5.2 | E15: 7 | F15: 6 | G15: 型材 | H15: 角铝 | I15: J55X20X3 | J15: J55X20X3-01 | K15: J55X20X3-01 | L15: 1298 | M15: 55 | N15: 20 | O15: 1 | P15: 支 | R15: {=IFERROR(INDEX(板块数量!$B$2:$B$118,MATCH(0,IF((板块数量!$A$2:$A$118=$K$5)*(板块数量!$B$2:$B$118<>""),COUNTIF($R$8:R14,板块数量!$B$2:$B$118),1),0)),"")} -> L11-47 | W15: =IF(OR(G15="型材",G15="尼龙"),H15,"-") -> 角铝 | X15: =IF(OR(G15="型材",G15="尼龙"),I15,"-") -> J55X20X3 | Y15: =IF(OR(G15="型材",G15="尼龙"),L15,"-") -> 1298 | Z15: =IF(OR(G15="型材",G15="尼龙"),K15,"-") -> J55X20X3-01 | AA15: =IF(OR(G15="型材",G15="尼龙"),$N$6*O15,"-") -> 7 | AF15: =IF(OR(G15="型材",G15="尼龙"),H15,"-") -> 角铝 | AG15: =IF(OR(G15="型材",G15="尼龙"),I15,"-") -> J55X20X3 | AI15: =IF(OR(G15="型材",G15="尼龙"),L15,"-") -> 1298 | AK15: =IF(OR(G15="型材",G15="尼龙"),$N$6*O15,"-") -> 7 | AP15: =IF($G15="配件",I15,"-") -> - | AQ15: =IF($G15="配件",H15,"-") -> - | AS15: =IF(OR(H15="泡沫条",H15="胶条"),$N$6*L15*O15/1000,IF(OR(H15="双面贴",H15="胶带"),L15*O15/1000,IF(AP15<>"-",$N$6*O15,"-"))) -> - | AT15: =IF(OR(H15="胶条",H15="泡沫条",H15="双面贴",H15="胶带"),"米",IF(AP15<>"-",P15,"-")) -> - | AY15: =IF($G15="玻璃",$H$7,"-") -> - | AZ15: =IF($G15="玻璃",J15,"-") -> - | BB15: =IF($G15="玻璃",M15,"-") -> - | BC15: =IF($G15="玻璃",L15,"-") -> - | BD15: =IF($G15="玻璃",$N$6*O15,"-") -> - | BE15: =BD15*BC15*BB15/1000000 -> #VALUE! | BF15: =IF($G15="玻璃",K15,"-") -> - | BI15: =IF($G15="铝板",$H$7,"-") -> - | BJ15: =IF($G15="铝板",J15,"-") -> - | BK15: =IF($G15="铝板",H15,"-") -> - | BL15: =IF($G15="铝板",M15,"-") -> - | BM15: =IF($G15="铝板",L15,"-") -> - | BN15: =IF($G15="铝板",$N$6*O15,"-") -> - | BO15: =BN15*BM15*BL15/1000000 -> #VALUE! | BP15: =IF($G15="铝板",K15,"-") -> - | BS15: =IF($G15="铁皮",$H$7,"-") -> - | BT15: =IF($G15="铁皮",J15,"-") -> - | BU15: =IF($G15="铁皮",H15,"-") -> - | BV15: =IF($G15="铁皮",M15,"-") -> - | BW15: =IF($G15="铁皮",L15,"-") -> - | BX15: =IF($G15="铁皮",$N$6*O15,"-") -> - | BY15: =BX15*BW15*BV15/1000000 -> #VALUE! | BZ15: =IF($G15="铁皮",K15,"-") -> - | CC15: =IF(G15="钢材",$H$7,"-") -> - | CD15: =IF(G15="钢材",J15,"-") -> - | CE15: =IF(G15="钢材",H15,"-") -> - | CF15: =IF(G15="钢材",L15,"-") -> - | CH15: =IF(G15="钢材",$N$6*O15,"-") -> - | CJ15: =IF(G15="钢材",K15,"-") -> - | CK15: =IF(G15="钢材",Q15,"-") -> -
B16: =IF(G16<>G15,B15+1,B15) -> 5 | C16: =IF(G16<>G15,1,C15+1) -> 3 | D16: =IF(G16="","",IFERROR(IF(AND(B16<>"",C16<>""),B16&"."&C16,""),"")) -> 5.3 | E16: 8 | F16: 7 | G16: 型材 | H16: 角铝 | I16: J25X19X3 | J16: J25X19X3-05 | K16: J25X19X3-05 | L16: 601.9 | M16: 19 | N16: 25 | O16: 1 | P16: 支 | R16: {=IFERROR(INDEX(板块数量!$B$2:$B$118,MATCH(0,IF((板块数量!$A$2:$A$118=$K$5)*(板块数量!$B$2:$B$118<>""),COUNTIF($R$8:R15,板块数量!$B$2:$B$118),1),0)),"")} | W16: =IF(OR(G16="型材",G16="尼龙"),H16,"-") -> 角铝 | X16: =IF(OR(G16="型材",G16="尼龙"),I16,"-") -> J25X19X3 | Y16: =IF(OR(G16="型材",G16="尼龙"),L16,"-") -> 601.9 | Z16: =IF(OR(G16="型材",G16="尼龙"),K16,"-") -> J25X19X3-05 | AA16: =IF(OR(G16="型材",G16="尼龙"),$N$6*O16,"-") -> 7 | AF16: =IF(OR(G16="型材",G16="尼龙"),H16,"-") -> 角铝 | AG16: =IF(OR(G16="型材",G16="尼龙"),I16,"-") -> J25X19X3 | AI16: =IF(OR(G16="型材",G16="尼龙"),L16,"-") -> 601.9 | AK16: =IF(OR(G16="型材",G16="尼龙"),$N$6*O16,"-") -> 7 | AP16: =IF($G16="配件",I16,"-") -> - | AQ16: =IF($G16="配件",H16,"-") -> - | AS16: =IF(OR(H16="泡沫条",H16="胶条"),$N$6*L16*O16/1000,IF(OR(H16="双面贴",H16="胶带"),L16*O16/1000,IF(AP16<>"-",$N$6*O16,"-"))) -> - | AT16: =IF(OR(H16="胶条",H16="泡沫条",H16="双面贴",H16="胶带"),"米",IF(AP16<>"-",P16,"-")) -> - | AY16: =IF($G16="玻璃",$H$7,"-") -> - | AZ16: =IF($G16="玻璃",J16,"-") -> - | BB16: =IF($G16="玻璃",M16,"-") -> - | BC16: =IF($G16="玻璃",L16,"-") -> - | BD16: =IF($G16="玻璃",$N$6*O16,"-") -> - | BE16: =BD16*BC16*BB16/1000000 -> #VALUE! | BF16: =IF($G16="玻璃",K16,"-") -> - | BI16: =IF($G16="铝板",$H$7,"-") -> - | BJ16: =IF($G16="铝板",J16,"-") -> - | BK16: =IF($G16="铝板",H16,"-") -> - | BL16: =IF($G16="铝板",M16,"-") -> - | BM16: =IF($G16="铝板",L16,"-") -> - | BN16: =IF($G16="铝板",$N$6*O16,"-") -> - | BO16: =BN16*BM16*BL16/1000000 -> #VALUE! | BP16: =IF($G16="铝板",K16,"-") -> - | BS16: =IF($G16="铁皮",$H$7,"-") -> - | BT16: =IF($G16="铁皮",J16,"-") -> - | BU16: =IF($G16="铁皮",H16,"-") -> - | BV16: =IF($G16="铁皮",M16,"-") -> - | BW16: =IF($G16="铁皮",L16,"-") -> - | BX16: =IF($G16="铁皮",$N$6*O16,"-") -> - | BY16: =BX16*BW16*BV16/1000000 -> #VALUE! | BZ16: =IF($G16="铁皮",K16,"-") -> - | CC16: =IF(G16="钢材",$H$7,"-") -> - | CD16: =IF(G16="钢材",J16,"-") -> - | CE16: =IF(G16="钢材",H16,"-") -> - | CF16: =IF(G16="钢材",L16,"-") -> - | CH16: =IF(G16="钢材",$N$6*O16,"-") -> - | CJ16: =IF(G16="钢材",K16,"-") -> - | CK16: =IF(G16="钢材",Q16,"-") -> -
B17: =IF(G17<>G16,B16+1,B16) -> 5 | C17: =IF(G17<>G16,1,C16+1) -> 4 | D17: =IF(G17="","",IFERROR(IF(AND(B17<>"",C17<>""),B17&"."&C17,""),"")) -> 5.4 | E17: 9 | F17: 8 | G17: 型材 | H17: 角铝 | I17: J25X19X3 | J17: J25X19X3-04 | K17: J25X19X3-04 | L17: 869 | M17: 19 | N17: 25 | O17: 1 | P17: 支 | R17: {=IFERROR(INDEX(板块数量!$B$2:$B$118,MATCH(0,IF((板块数量!$A$2:$A$118=$K$5)*(板块数量!$B$2:$B$118<>""),COUNTIF($R$8:R16,板块数量!$B$2:$B$118),1),0)),"")} | W17: =IF(OR(G17="型材",G17="尼龙"),H17,"-") -> 角铝 | X17: =IF(OR(G17="型材",G17="尼龙"),I17,"-") -> J25X19X3 | Y17: =IF(OR(G17="型材",G17="尼龙"),L17,"-") -> 869 | Z17: =IF(OR(G17="型材",G17="尼龙"),K17,"-") -> J25X19X3-04 | AA17: =IF(OR(G17="型材",G17="尼龙"),$N$6*O17,"-") -> 7 | AF17: =IF(OR(G17="型材",G17="尼龙"),H17,"-") -> 角铝 | AG17: =IF(OR(G17="型材",G17="尼龙"),I17,"-") -> J25X19X3 | AI17: =IF(OR(G17="型材",G17="尼龙"),L17,"-") -> 869 | AK17: =IF(OR(G17="型材",G17="尼龙"),$N$6*O17,"-") -> 7 | AP17: =IF($G17="配件",I17,"-") -> - | AQ17: =IF($G17="配件",H17,"-") -> - | AS17: =IF(OR(H17="泡沫条",H17="胶条"),$N$6*L17*O17/1000,IF(OR(H17="双面贴",H17="胶带"),L17*O17/1000,IF(AP17<>"-",$N$6*O17,"-"))) -> - | AT17: =IF(OR(H17="胶条",H17="泡沫条",H17="双面贴",H17="胶带"),"米",IF(AP17<>"-",P17,"-")) -> - | AY17: =IF($G17="玻璃",$H$7,"-") -> - | AZ17: =IF($G17="玻璃",J17,"-") -> - | BB17: =IF($G17="玻璃",M17,"-") -> - | BC17: =IF($G17="玻璃",L17,"-") -> - | BD17: =IF($G17="玻璃",$N$6*O17,"-") -> - | BE17: =BD17*BC17*BB17/1000000 -> #VALUE! | BF17: =IF($G17="玻璃",K17,"-") -> - | BI17: =IF($G17="铝板",$H$7,"-") -> - | BJ17: =IF($G17="铝板",J17,"-") -> - | BK17: =IF($G17="铝板",H17,"-") -> - | BL17: =IF($G17="铝板",M17,"-") -> - | BM17: =IF($G17="铝板",L17,"-") -> - | BN17: =IF($G17="铝板",$N$6*O17,"-") -> - | BO17: =BN17*BM17*BL17/1000000 -> #VALUE! | BP17: =IF($G17="铝板",K17,"-") -> - | BS17: =IF($G17="铁皮",$H$7,"-") -> - | BT17: =IF($G17="铁皮",J17,"-") -> - | BU17: =IF($G17="铁皮",H17,"-") -> - | BV17: =IF($G17="铁皮",M17,"-") -> - | BW17: =IF($G17="铁皮",L17,"-") -> - | BX17: =IF($G17="铁皮",$N$6*O17,"-") -> - | BY17: =BX17*BW17*BV17/1000000 -> #VALUE! | BZ17: =IF($G17="铁皮",K17,"-") -> - | CC17: =IF(G17="钢材",$H$7,"-") -> - | CD17: =IF(G17="钢材",J17,"-") -> - | CE17: =IF(G17="钢材",H17,"-") -> - | CF17: =IF(G17="钢材",L17,"-") -> - | CH17: =IF(G17="钢材",$N$6*O17,"-") -> - | CJ17: =IF(G17="钢材",K17,"-") -> - | CK17: =IF(G17="钢材",Q17,"-") -> -
B18: =IF(G18<>G17,B17+1,B17) -> 5 | C18: =IF(G18<>G17,1,C17+1) -> 5 | D18: =IF(G18="","",IFERROR(IF(AND(B18<>"",C18<>""),B18&"."&C18,""),"")) -> 5.5 | E18: 10 | F18: 9 | G18: 型材 | H18: 角铝 | I18: J25X19X3 | J18: J25X19X3-03 | K18: J25X19X3-03 | L18: 869 | M18: 19 | N18: 25 | O18: 1 | P18: 支 | R18: {=IFERROR(INDEX(板块数量!$B$2:$B$118,MATCH(0,IF((板块数量!$A$2:$A$118=$K$5)*(板块数量!$B$2:$B$118<>""),COUNTIF($R$8:R17,板块数量!$B$2:$B$118),1),0)),"")} | W18: =IF(OR(G18="型材",G18="尼龙"),H18,"-") -> 角铝 | X18: =IF(OR(G18="型材",G18="尼龙"),I18,"-") -> J25X19X3 | Y18: =IF(OR(G18="型材",G18="尼龙"),L18,"-") -> 869 | Z18: =IF(OR(G18="型材",G18="尼龙"),K18,"-") -> J25X19X3-03 | AA18: =IF(OR(G18="型材",G18="尼龙"),$N$6*O18,"-") -> 7 | AF18: =IF(OR(G18="型材",G18="尼龙"),H18,"-") -> 角铝 | AG18: =IF(OR(G18="型材",G18="尼龙"),I18,"-") -> J25X19X3 | AI18: =IF(OR(G18="型材",G18="尼龙"),L18,"-") -> 869 | AK18: =IF(OR(G18="型材",G18="尼龙"),$N$6*O18,"-") -> 7 | AP18: =IF($G18="配件",I18,"-") -> - | AQ18: =IF($G18="配件",H18,"-") -> - | AS18: =IF(OR(H18="泡沫条",H18="胶条"),$N$6*L18*O18/1000,IF(OR(H18="双面贴",H18="胶带"),L18*O18/1000,IF(AP18<>"-",$N$6*O18,"-"))) -> - | AT18: =IF(OR(H18="胶条",H18="泡沫条",H18="双面贴",H18="胶带"),"米",IF(AP18<>"-",P18,"-")) -> - | AY18: =IF($G18="玻璃",$H$7,"-") -> - | AZ18: =IF($G18="玻璃",J18,"-") -> - | BB18: =IF($G18="玻璃",M18,"-") -> - | BC18: =IF($G18="玻璃",L18,"-") -> - | BD18: =IF($G18="玻璃",$N$6*O18,"-") -> - | BE18: =BD18*BC18*BB18/1000000 -> #VALUE! | BF18: =IF($G18="玻璃",K18,"-") -> - | BI18: =IF($G18="铝板",$H$7,"-") -> - | BJ18: =IF($G18="铝板",J18,"-") -> - | BK18: =IF($G18="铝板",H18,"-") -> - | BL18: =IF($G18="铝板",M18,"-") -> - | BM18: =IF($G18="铝板",L18,"-") -> - | BN18: =IF($G18="铝板",$N$6*O18,"-") -> - | BO18: =BN18*BM18*BL18/1000000 -> #VALUE! | BP18: =IF($G18="铝板",K18,"-") -> - | BS18: =IF($G18="铁皮",$H$7,"-") -> - | BT18: =IF($G18="铁皮",J18,"-") -> - | BU18: =IF($G18="铁皮",H18,"-") -> - | BV18: =IF($G18="铁皮",M18,"-") -> - | BW18: =IF($G18="铁皮",L18,"-") -> - | BX18: =IF($G18="铁皮",$N$6*O18,"-") -> - | BY18: =BX18*BW18*BV18/1000000 -> #VALUE! | BZ18: =IF($G18="铁皮",K18,"-") -> - | CC18: =IF(G18="钢材",$H$7,"-") -> - | CD18: =IF(G18="钢材",J18,"-") -> - | CE18: =IF(G18="钢材",H18,"-") -> - | CF18: =IF(G18="钢材",L18,"-") -> - | CH18: =IF(G18="钢材",$N$6*O18,"-") -> - | CJ18: =IF(G18="钢材",K18,"-") -> - | CK18: =IF(G18="钢材",Q18,"-") -> -
B19: =IF(G19<>G18,B18+1,B18) -> 5 | C19: =IF(G19<>G18,1,C18+1) -> 6 | D19: =IF(G19="","",IFERROR(IF(AND(B19<>"",C19<>""),B19&"."&C19,""),"")) -> 5.6 | E19: 11 | F19: 10 | G19: 型材 | H19: 角铝 | I19: J25X19X3 | J19: J25X19X3-02 | K19: J25X19X3-02 | L19: 601.9 | M19: 19 | N19: 25 | O19: 1 | P19: 支 | R19: {=IFERROR(INDEX(板块数量!$B$2:$B$118,MATCH(0,IF((板块数量!$A$2:$A$118=$K$5)*(板块数量!$B$2:$B$118<>""),COUNTIF($R$8:R18,板块数量!$B$2:$B$118),1),0)),"")} | W19: =IF(OR(G19="型材",G19="尼龙"),H19,"-") -> 角铝 | X19: =IF(OR(G19="型材",G19="尼龙"),I19,"-") -> J25X19X3 | Y19: =IF(OR(G19="型材",G19="尼龙"),L19,"-") -> 601.9 | Z19: =IF(OR(G19="型材",G19="尼龙"),K19,"-") -> J25X19X3-02 | AA19: =IF(OR(G19="型材",G19="尼龙"),$N$6*O19,"-") -> 7 | AF19: =IF(OR(G19="型材",G19="尼龙"),H19,"-") -> 角铝 | AG19: =IF(OR(G19="型材",G19="尼龙"),I19,"-") -> J25X19X3 | AI19: =IF(OR(G19="型材",G19="尼龙"),L19,"-") -> 601.9 | AK19: =IF(OR(G19="型材",G19="尼龙"),$N$6*O19,"-") -> 7 | AP19: =IF($G19="配件",I19,"-") -> - | AQ19: =IF($G19="配件",H19,"-") -> - | AS19: =IF(OR(H19="泡沫条",H19="胶条"),$N$6*L19*O19/1000,IF(OR(H19="双面贴",H19="胶带"),L19*O19/1000,IF(AP19<>"-",$N$6*O19,"-"))) -> - | AT19: =IF(OR(H19="胶条",H19="泡沫条",H19="双面贴",H19="胶带"),"米",IF(AP19<>"-",P19,"-")) -> - | AY19: =IF($G19="玻璃",$H$7,"-") -> - | AZ19: =IF($G19="玻璃",J19,"-") -> - | BB19: =IF($G19="玻璃",M19,"-") -> - | BC19: =IF($G19="玻璃",L19,"-") -> - | BD19: =IF($G19="玻璃",$N$6*O19,"-") -> - | BE19: =BD19*BC19*BB19/1000000 -> #VALUE! | BF19: =IF($G19="玻璃",K19,"-") -> - | BI19: =IF($G19="铝板",$H$7,"-") -> - | BJ19: =IF($G19="铝板",J19,"-") -> - | BK19: =IF($G19="铝板",H19,"-") -> - | BL19: =IF($G19="铝板",M19,"-") -> - | BM19: =IF($G19="铝板",L19,"-") -> - | BN19: =IF($G19="铝板",$N$6*O19,"-") -> - | BO19: =BN19*BM19*BL19/1000000 -> #VALUE! | BP19: =IF($G19="铝板",K19,"-") -> - | BS19: =IF($G19="铁皮",$H$7,"-") -> - | BT19: =IF($G19="铁皮",J19,"-") -> - | BU19: =IF($G19="铁皮",H19,"-") -> - | BV19: =IF($G19="铁皮",M19,"-") -> - | BW19: =IF($G19="铁皮",L19,"-") -> - | BX19: =IF($G19="铁皮",$N$6*O19,"-") -> - | BY19: =BX19*BW19*BV19/1000000 -> #VALUE! | BZ19: =IF($G19="铁皮",K19,"-") -> - | CC19: =IF(G19="钢材",$H$7,"-") -> - | CD19: =IF(G19="钢材",J19,"-") -> - | CE19: =IF(G19="钢材",H19,"-") -> - | CF19: =IF(G19="钢材",L19,"-") -> - | CH19: =IF(G19="钢材",$N$6*O19,"-") -> - | CJ19: =IF(G19="钢材",K19,"-") -> - | CK19: =IF(G19="钢材",Q19,"-") -> -
B20: =IF(G20<>G19,B19+1,B19) -> 5 | C20: =IF(G20<>G19,1,C19+1) -> 7 | D20: =IF(G20="","",IFERROR(IF(AND(B20<>"",C20<>""),B20&"."&C20,""),"")) -> 5.7 | E20: 12 | F20: 11 | G20: 型材 | H20: 角铝 | I20: J25X19X3 | J20: J25X19X3-01 | K20: J25X19X3-01 | L20: 1298 | M20: 19 | N20: 25 | O20: 1 | P20: 支 | R20: {=IFERROR(INDEX(板块数量!$B$2:$B$118,MATCH(0,IF((板块数量!$A$2:$A$118=$K$5)*(板块数量!$B$2:$B$118<>""),COUNTIF($R$8:R19,板块数量!$B$2:$B$118),1),0)),"")} | W20: =IF(OR(G20="型材",G20="尼龙"),H20,"-") -> 角铝 | X20: =IF(OR(G20="型材",G20="尼龙"),I20,"-") -> J25X19X3 | Y20: =IF(OR(G20="型材",G20="尼龙"),L20,"-") -> 1298 | Z20: =IF(OR(G20="型材",G20="尼龙"),K20,"-") -> J25X19X3-01 | AA20: =IF(OR(G20="型材",G20="尼龙"),$N$6*O20,"-") -> 7 | AF20: =IF(OR(G20="型材",G20="尼龙"),H20,"-") -> 角铝 | AG20: =IF(OR(G20="型材",G20="尼龙"),I20,"-") -> J25X19X3 | AI20: =IF(OR(G20="型材",G20="尼龙"),L20,"-") -> 1298 | AK20: =IF(OR(G20="型材",G20="尼龙"),$N$6*O20,"-") -> 7 | AP20: =IF($G20="配件",I20,"-") -> - | AQ20: =IF($G20="配件",H20,"-") -> - | AS20: =IF(OR(H20="泡沫条",H20="胶条"),$N$6*L20*O20/1000,IF(OR(H20="双面贴",H20="胶带"),L20*O20/1000,IF(AP20<>"-",$N$6*O20,"-"))) -> - | AT20: =IF(OR(H20="胶条",H20="泡沫条",H20="双面贴",H20="胶带"),"米",IF(AP20<>"-",P20,"-")) -> - | AY20: =IF($G20="玻璃",$H$7,"-") -> - | AZ20: =IF($G20="玻璃",J20,"-") -> - | BB20: =IF($G20="玻璃",M20,"-") -> - | BC20: =IF($G20="玻璃",L20,"-") -> - | BD20: =IF($G20="玻璃",$N$6*O20,"-") -> - | BE20: =BD20*BC20*BB20/1000000 -> #VALUE! | BF20: =IF($G20="玻璃",K20,"-") -> - | BI20: =IF($G20="铝板",$H$7,"-") -> - | BJ20: =IF($G20="铝板",J20,"-") -> - | BK20: =IF($G20="铝板",H20,"-") -> - | BL20: =IF($G20="铝板",M20,"-") -> - | BM20: =IF($G20="铝板",L20,"-") -> - | BN20: =IF($G20="铝板",$N$6*O20,"-") -> - | BO20: =BN20*BM20*BL20/1000000 -> #VALUE! | BP20: =IF($G20="铝板",K20,"-") -> - | BS20: =IF($G20="铁皮",$H$7,"-") -> - | BT20: =IF($G20="铁皮",J20,"-") -> - | BU20: =IF($G20="铁皮",H20,"-") -> - | BV20: =IF($G20="铁皮",M20,"-") -> - | BW20: =IF($G20="铁皮",L20,"-") -> - | BX20: =IF($G20="铁皮",$N$6*O20,"-") -> - | BY20: =BX20*BW20*BV20/1000000 -> #VALUE! | BZ20: =IF($G20="铁皮",K20,"-") -> - | CC20: =IF(G20="钢材",$H$7,"-") -> - | CD20: =IF(G20="钢材",J20,"-") -> - | CE20: =IF(G20="钢材",H20,"-") -> - | CF20: =IF(G20="钢材",L20,"-") -> - | CH20: =IF(G20="钢材",$N$6*O20,"-") -> - | CJ20: =IF(G20="钢材",K20,"-") -> - | CK20: =IF(G20="钢材",Q20,"-") -> -
B21: =IF(G21<>G20,B20+1,B20) -> 5 | C21: =IF(G21<>G20,1,C20+1) -> 8 | D21: =IF(G21="","",IFERROR(IF(AND(B21<>"",C21<>""),B21&"."&C21,""),"")) -> 5.8 | E21: 13 | F21: 12 | G21: 型材 | H21: 竖向护边 | I21: DCC154H-511-LL | J21: CW154H-511-03 | K21: CW154H-511-03 | L21: 3760 | M21: 4.8 | N21: 15 | O21: 2 | P21: 支 | R21: {=IFERROR(INDEX(板块数量!$B$2:$B$118,MATCH(0,IF((板块数量!$A$2:$A$118=$K$5)*(板块数量!$B$2:$B$118<>""),COUNTIF($R$8:R20,板块数量!$B$2:$B$118),1),0)),"")} | W21: =IF(OR(G21="型材",G21="尼龙"),H21,"-") -> 竖向护边 | X21: =IF(OR(G21="型材",G21="尼龙"),I21,"-") -> DCC154H-511-LL | Y21: =IF(OR(G21="型材",G21="尼龙"),L21,"-") -> 3760 | Z21: =IF(OR(G21="型材",G21="尼龙"),K21,"-") -> CW154H-511-03 | AA21: =IF(OR(G21="型材",G21="尼龙"),$N$6*O21,"-") -> 14 | AF21: =IF(OR(G21="型材",G21="尼龙"),H21,"-") -> 竖向护边 | AG21: =IF(OR(G21="型材",G21="尼龙"),I21,"-") -> DCC154H-511-LL | AI21: =IF(OR(G21="型材",G21="尼龙"),L21,"-") -> 3760 | AK21: =IF(OR(G21="型材",G21="尼龙"),$N$6*O21,"-") -> 14 | AP21: =IF($G21="配件",I21,"-") -> - | AQ21: =IF($G21="配件",H21,"-") -> - | AS21: =IF(OR(H21="泡沫条",H21="胶条"),$N$6*L21*O21/1000,IF(OR(H21="双面贴",H21="胶带"),L21*O21/1000,IF(AP21<>"-",$N$6*O21,"-"))) -> - | AT21: =IF(OR(H21="胶条",H21="泡沫条",H21="双面贴",H21="胶带"),"米",IF(AP21<>"-",P21,"-")) -> - | AY21: =IF($G21="玻璃",$H$7,"-") -> - | AZ21: =IF($G21="玻璃",J21,"-") -> - | BB21: =IF($G21="玻璃",M21,"-") -> - | BC21: =IF($G21="玻璃",L21,"-") -> - | BD21: =IF($G21="玻璃",$N$6*O21,"-") -> - | BE21: =BD21*BC21*BB21/1000000 -> #VALUE! | BF21: =IF($G21="玻璃",K21,"-") -> - | BI21: =IF($G21="铝板",$H$7,"-") -> - | BJ21: =IF($G21="铝板",J21,"-") -> - | BK21: =IF($G21="铝板",H21,"-") -> - | BL21: =IF($G21="铝板",M21,"-") -> - | BM21: =IF($G21="铝板",L21,"-") -> - | BN21: =IF($G21="铝板",$N$6*O21,"-") -> - | BO21: =BN21*BM21*BL21/1000000 -> #VALUE! | BP21: =IF($G21="铝板",K21,"-") -> - | BS21: =IF($G21="铁皮",$H$7,"-") -> - | BT21: =IF($G21="铁皮",J21,"-") -> - | BU21: =IF($G21="铁皮",H21,"-") -> - | BV21: =IF($G21="铁皮",M21,"-") -> - | BW21: =IF($G21="铁皮",L21,"-") -> - | BX21: =IF($G21="铁皮",$N$6*O21,"-") -> - | BY21: =BX21*BW21*BV21/1000000 -> #VALUE! | BZ21: =IF($G21="铁皮",K21,"-") -> - | CC21: =IF(G21="钢材",$H$7,"-") -> - | CD21: =IF(G21="钢材",J21,"-") -> - | CE21: =IF(G21="钢材",H21,"-") -> - | CF21: =IF(G21="钢材",L21,"-") -> - | CH21: =IF(G21="钢材",$N$6*O21,"-") -> - | CJ21: =IF(G21="钢材",K21,"-") -> - | CK21: =IF(G21="钢材",Q21,"-") -> -
... B35: =IF(G35<>G34,B34+1,B34) -> 5 | C35: =IF(G35<>G34,1,C34+1) -> 22 | D35: =IF(G35="","",IFERROR(IF(AND(B35<>"",C35<>""),B35&"."&C35,""),"")) -> 5.22 | E35: 27 | F35: 26 | G35: 型材 | H35: 50x4垫片 | I35: B50X4 | J35: B50X4-01 | K35: B50X4-01 | L35: 250 | M35: 50 | N35: 4 | O35: 2 | P35: 支 | R35: {=IFERROR(INDEX(板块数量!$B$2:$B$118,MATCH(0,IF((板块数量!$A$2:$A$118=$K$5)*(板块数量!$B$2:$B$118<>""),COUNTIF($R$8:R34,板块数量!$B$2:$B$118),1),0)),"")} | W35: =IF(OR(G35="型材",G35="尼龙"),H35,"-") -> 50x4垫片 | X35: =IF(OR(G35="型材",G35="尼龙"),I35,"-") -> B50X4 | Y35: =IF(OR(G35="型材",G35="尼龙"),L35,"-") -> 250 | Z35: =IF(OR(G35="型材",G35="尼龙"),K35,"-") -> B50X4-01 | AA35: =IF(OR(G35="型材",G35="尼龙"),$N$6*O35,"-") -> 14 | AF35: =IF(OR(G35="型材",G35="尼龙"),H35,"-") -> 50x4垫片 | AG35: =IF(OR(G35="型材",G35="尼龙"),I35,"-") -> B50X4 | AI35: =IF(OR(G35="型材",G35="尼龙"),L35,"-") -> 250 | AK35: =IF(OR(G35="型材",G35="尼龙"),$N$6*O35,"-") -> 14 | AP35: =IF($G35="配件",I35,"-") -> - | AQ35: =IF($G35="配件",H35,"-") -> - | AS35: =IF(OR(H35="泡沫条",H35="胶条"),$N$6*L35*O35/1000,IF(OR(H35="双面贴",H35="胶带"),L35*O35/1000,IF(AP35<>"-",$N$6*O35,"-"))) -> - | AT35: =IF(OR(H35="胶条",H35="泡沫条",H35="双面贴",H35="胶带"),"米",IF(AP35<>"-",P35,"-")) -> - | AY35: =IF($G35="玻璃",$H$7,"-") -> - | AZ35: =IF($G35="玻璃",J35,"-") -> - | BB35: =IF($G35="玻璃",M35,"-") -> - | BC35: =IF($G35="玻璃",L35,"-") -> - | BD35: =IF($G35="玻璃",$N$6*O35,"-") -> - | BE35: =BD35*BC35*BB35/1000000 -> #VALUE! | BF35: =IF($G35="玻璃",K35,"-") -> - | BI35: =IF($G35="铝板",$H$7,"-") -> - | BJ35: =IF($G35="铝板",J35,"-") -> - | BK35: =IF($G35="铝板",H35,"-") -> - | BL35: =IF($G35="铝板",M35,"-") -> - | BM35: =IF($G35="铝板",L35,"-") -> - | BN35: =IF($G35="铝板",$N$6*O35,"-") -> - | BO35: =BN35*BM35*BL35/1000000 -> #VALUE! | BP35: =IF($G35="铝板",K35,"-") -> - | BS35: =IF($G35="铁皮",$H$7,"-") -> - | BT35: =IF($G35="铁皮",J35,"-") -> - | BU35: =IF($G35="铁皮",H35,"-") -> - | BV35: =IF($G35="铁皮",M35,"-") -> - | BW35: =IF($G35="铁皮",L35,"-") -> - | BX35: =IF($G35="铁皮",$N$6*O35,"-") -> - | BY35: =BX35*BW35*BV35/1000000 -> #VALUE! | BZ35: =IF($G35="铁皮",K35,"-") -> - | CC35: =IF(G35="钢材",$H$7,"-") -> - | CD35: =IF(G35="钢材",J35,"-") -> - | CE35: =IF(G35="钢材",H35,"-") -> - | CF35: =IF(G35="钢材",L35,"-") -> - | CH35: =IF(G35="钢材",$N$6*O35,"-") -> - | CJ35: =IF(G35="钢材",K35,"-") -> - | CK35: =IF(G35="钢材",Q35,"-") -> -
B36: =IF(G36<>G35,B35+1,B35) -> 6 | C36: =IF(G36<>G35,1,C35+1) -> 1 | D36: =IF(G36="","",IFERROR(IF(AND(B36<>"",C36<>""),B36&"."&C36,""),"")) | E36: 28 | F36: 27 | R36: {=IFERROR(INDEX(板块数量!$B$2:$B$118,MATCH(0,IF((板块数量!$A$2:$A$118=$K$5)*(板块数量!$B$2:$B$118<>""),COUNTIF($R$8:R35,板块数量!$B$2:$B$118),1),0)),"")} | W36: =IF(OR(G36="型材",G36="尼龙"),H36,"-") -> - | X36: =IF(OR(G36="型材",G36="尼龙"),I36,"-") -> - | Y36: =IF(OR(G36="型材",G36="尼龙"),L36,"-") -> - | Z36: =IF(OR(G36="型材",G36="尼龙"),K36,"-") -> - | AA36: =IF(OR(G36="型材",G36="尼龙"),$N$6*O36,"-") -> - | AF36: =IF(OR(G36="型材",G36="尼龙"),H36,"-") -> - | AG36: =IF(OR(G36="型材",G36="尼龙"),I36,"-") -> - | AI36: =IF(OR(G36="型材",G36="尼龙"),L36,"-") -> - | AK36: =IF(OR(G36="型材",G36="尼龙"),$N$6*O36,"-") -> - | AP36: =IF($G36="配件",I36,"-") -> - | AQ36: =IF($G36="配件",H36,"-") -> - | AS36: =IF(OR(H36="泡沫条",H36="胶条"),$N$6*L36*O36/1000,IF(OR(H36="双面贴",H36="胶带"),L36*O36/1000,IF(AP36<>"-",$N$6*O36,"-"))) -> - | AT36: =IF(OR(H36="胶条",H36="泡沫条",H36="双面贴",H36="胶带"),"米",IF(AP36<>"-",P36,"-")) -> - | AY36: =IF($G36="玻璃",$H$7,"-") -> - | AZ36: =IF($G36="玻璃",J36,"-") -> - | BB36: =IF($G36="玻璃",M36,"-") -> - | BC36: =IF($G36="玻璃",L36,"-") -> - | BD36: =IF($G36="玻璃",$N$6*O36,"-") -> - | BE36: =BD36*BC36*BB36/1000000 -> #VALUE! | BF36: =IF($G36="玻璃",K36,"-") -> - | BI36: =IF($G36="铝板",$H$7,"-") -> - | BJ36: =IF($G36="铝板",J36,"-") -> - | BK36: =IF($G36="铝板",H36,"-") -> - | BL36: =IF($G36="铝板",M36,"-") -> - | BM36: =IF($G36="铝板",L36,"-") -> - | BN36: =IF($G36="铝板",$N$6*O36,"-") -> - | BO36: =BN36*BM36*BL36/1000000 -> #VALUE! | BP36: =IF($G36="铝板",K36,"-") -> - | BS36: =IF($G36="铁皮",$H$7,"-") -> - | BT36: =IF($G36="铁皮",J36,"-") -> - | BU36: =IF($G36="铁皮",H36,"-") -> - | BV36: =IF($G36="铁皮",M36,"-") -> - | BW36: =IF($G36="铁皮",L36,"-") -> - | BX36: =IF($G36="铁皮",$N$6*O36,"-") -> - | BY36: =BX36*BW36*BV36/1000000 -> #VALUE! | BZ36: =IF($G36="铁皮",K36,"-") -> - | CC36: =IF(G36="钢材",$H$7,"-") -> - | CD36: =IF(G36="钢材",J36,"-") -> - | CE36: =IF(G36="钢材",H36,"-") -> - | CF36: =IF(G36="钢材",L36,"-") -> - | CH36: =IF(G36="钢材",$N$6*O36,"-") -> - | CJ36: =IF(G36="钢材",K36,"-") -> - | CK36: =IF(G36="钢材",Q36,"-") -> -
B37: =IF(G37<>G36,B36+1,B36) -> 6 | C37: =IF(G37<>G36,1,C36+1) -> 2 | D37: =IF(G37="","",IFERROR(IF(AND(B37<>"",C37<>""),B37&"."&C37,""),"")) | E37: 29 | F37: 28 | R37: {=IFERROR(INDEX(板块数量!$B$2:$B$118,MATCH(0,IF((板块数量!$A$2:$A$118=$K$5)*(板块数量!$B$2:$B$118<>""),COUNTIF($R$8:R36,板块数量!$B$2:$B$118),1),0)),"")} | W37: =IF(OR(G37="型材",G37="尼龙"),H37,"-") -> - | X37: =IF(OR(G37="型材",G37="尼龙"),I37,"-") -> - | Y37: =IF(OR(G37="型材",G37="尼龙"),L37,"-") -> - | Z37: =IF(OR(G37="型材",G37="尼龙"),K37,"-") -> - | AA37: =IF(OR(G37="型材",G37="尼龙"),$N$6*O37,"-") -> - | AF37: =IF(OR(G37="型材",G37="尼龙"),H37,"-") -> - | AG37: =IF(OR(G37="型材",G37="尼龙"),I37,"-") -> - | AI37: =IF(OR(G37="型材",G37="尼龙"),L37,"-") -> - | AK37: =IF(OR(G37="型材",G37="尼龙"),$N$6*O37,"-") -> - | AP37: =IF($G37="配件",I37,"-") -> - | AQ37: =IF($G37="配件",H37,"-") -> - | AS37: =IF(OR(H37="泡沫条",H37="胶条"),$N$6*L37*O37/1000,IF(OR(H37="双面贴",H37="胶带"),L37*O37/1000,IF(AP37<>"-",$N$6*O37,"-"))) -> - | AT37: =IF(OR(H37="胶条",H37="泡沫条",H37="双面贴",H37="胶带"),"米",IF(AP37<>"-",P37,"-")) -> - | AY37: =IF($G37="玻璃",$H$7,"-") -> - | AZ37: =IF($G37="玻璃",J37,"-") -> - | BB37: =IF($G37="玻璃",M37,"-") -> - | BC37: =IF($G37="玻璃",L37,"-") -> - | BD37: =IF($G37="玻璃",$N$6*O37,"-") -> - | BE37: =BD37*BC37*BB37/1000000 -> #VALUE! | BF37: =IF($G37="玻璃",K37,"-") -> - | BI37: =IF($G37="铝板",$H$7,"-") -> - | BJ37: =IF($G37="铝板",J37,"-") -> - | BK37: =IF($G37="铝板",H37,"-") -> - | BL37: =IF($G37="铝板",M37,"-") -> - | BM37: =IF($G37="铝板",L37,"-") -> - | BN37: =IF($G37="铝板",$N$6*O37,"-") -> - | BO37: =BN37*BM37*BL37/1000000 -> #VALUE! | BP37: =IF($G37="铝板",K37,"-") -> - | BS37: =IF($G37="铁皮",$H$7,"-") -> - | BT37: =IF($G37="铁皮",J37,"-") -> - | BU37: =IF($G37="铁皮",H37,"-") -> - | BV37: =IF($G37="铁皮",M37,"-") -> - | BW37: =IF($G37="铁皮",L37,"-") -> - | BX37: =IF($G37="铁皮",$N$6*O37,"-") -> - | BY37: =BX37*BW37*BV37/1000000 -> #VALUE! | BZ37: =IF($G37="铁皮",K37,"-") -> - | CC37: =IF(G37="钢材",$H$7,"-") -> - | CD37: =IF(G37="钢材",J37,"-") -> - | CE37: =IF(G37="钢材",H37,"-") -> - | CF37: =IF(G37="钢材",L37,"-") -> - | CH37: =IF(G37="钢材",$N$6*O37,"-") -> - | CJ37: =IF(G37="钢材",K37,"-") -> - | CK37: =IF(G37="钢材",Q37,"-") -> -
B38: =IF(G38<>G37,B37+1,B37) -> 6 | C38: =IF(G38<>G37,1,C37+1) -> 3 | D38: =IF(G38="","",IFERROR(IF(AND(B38<>"",C38<>""),B38&"."&C38,""),"")) | E38: 30 | F38: 29 | R38: {=IFERROR(INDEX(板块数量!$B$2:$B$118,MATCH(0,IF((板块数量!$A$2:$A$118=$K$5)*(板块数量!$B$2:$B$118<>""),COUNTIF($R$8:R37,板块数量!$B$2:$B$118),1),0)),"")} | W38: =IF(OR(G38="型材",G38="尼龙"),H38,"-") -> - | X38: =IF(OR(G38="型材",G38="尼龙"),I38,"-") -> - | Y38: =IF(OR(G38="型材",G38="尼龙"),L38,"-") -> - | Z38: =IF(OR(G38="型材",G38="尼龙"),K38,"-") -> - | AA38: =IF(OR(G38="型材",G38="尼龙"),$N$6*O38,"-") -> - | AF38: =IF(OR(G38="型材",G38="尼龙"),H38,"-") -> - | AG38: =IF(OR(G38="型材",G38="尼龙"),I38,"-") -> - | AI38: =IF(OR(G38="型材",G38="尼龙"),L38,"-") -> - | AK38: =IF(OR(G38="型材",G38="尼龙"),$N$6*O38,"-") -> - | AP38: =IF($G38="配件",I38,"-") -> - | AQ38: =IF($G38="配件",H38,"-") -> - | AS38: =IF(OR(H38="泡沫条",H38="胶条"),$N$6*L38*O38/1000,IF(OR(H38="双面贴",H38="胶带"),L38*O38/1000,IF(AP38<>"-",$N$6*O38,"-"))) -> - | AT38: =IF(OR(H38="胶条",H38="泡沫条",H38="双面贴",H38="胶带"),"米",IF(AP38<>"-",P38,"-")) -> - | AY38: =IF($G38="玻璃",$H$7,"-") -> - | AZ38: =IF($G38="玻璃",J38,"-") -> - | BB38: =IF($G38="玻璃",M38,"-") -> - | BC38: =IF($G38="玻璃",L38,"-") -> - | BD38: =IF($G38="玻璃",$N$6*O38,"-") -> - | BE38: =BD38*BC38*BB38/1000000 -> #VALUE! | BF38: =IF($G38="玻璃",K38,"-") -> - | BI38: =IF($G38="铝板",$H$7,"-") -> - | BJ38: =IF($G38="铝板",J38,"-") -> - | BK38: =IF($G38="铝板",H38,"-") -> - | BL38: =IF($G38="铝板",M38,"-") -> - | BM38: =IF($G38="铝板",L38,"-") -> - | BN38: =IF($G38="铝板",$N$6*O38,"-") -> - | BO38: =BN38*BM38*BL38/1000000 -> #VALUE! | BP38: =IF($G38="铝板",K38,"-") -> - | BS38: =IF($G38="铁皮",$H$7,"-") -> - | BT38: =IF($G38="铁皮",J38,"-") -> - | BU38: =IF($G38="铁皮",H38,"-") -> - | BV38: =IF($G38="铁皮",M38,"-") -> - | BW38: =IF($G38="铁皮",L38,"-") -> - | BX38: =IF($G38="铁皮",$N$6*O38,"-") -> - | BY38: =BX38*BW38*BV38/1000000 -> #VALUE! | BZ38: =IF($G38="铁皮",K38,"-") -> - | CC38: =IF(G38="钢材",$H$7,"-") -> - | CD38: =IF(G38="钢材",J38,"-") -> - | CE38: =IF(G38="钢材",H38,"-") -> - | CF38: =IF(G38="钢材",L38,"-") -> - | CH38: =IF(G38="钢材",$N$6*O38,"-") -> - | CJ38: =IF(G38="钢材",K38,"-") -> - | CK38: =IF(G38="钢材",Q38,"-") -> -
B39: =IF(G39<>G38,B38+1,B38) -> 6 | C39: =IF(G39<>G38,1,C38+1) -> 4 | D39: =IF(G39="","",IFERROR(IF(AND(B39<>"",C39<>""),B39&"."&C39,""),"")) | E39: 31 | F39: 30 | R39: {=IFERROR(INDEX(板块数量!$B$2:$B$118,MATCH(0,IF((板块数量!$A$2:$A$118=$K$5)*(板块数量!$B$2:$B$118<>""),COUNTIF($R$8:R38,板块数量!$B$2:$B$118),1),0)),"")} | W39: =IF(OR(G39="型材",G39="尼龙"),H39,"-") -> - | X39: =IF(OR(G39="型材",G39="尼龙"),I39,"-") -> - | Y39: =IF(OR(G39="型材",G39="尼龙"),L39,"-") -> - | Z39: =IF(OR(G39="型材",G39="尼龙"),K39,"-") -> - | AA39: =IF(OR(G39="型材",G39="尼龙"),$N$6*O39,"-") -> - | AF39: =IF(OR(G39="型材",G39="尼龙"),H39,"-") -> - | AG39: =IF(OR(G39="型材",G39="尼龙"),I39,"-") -> - | AI39: =IF(OR(G39="型材",G39="尼龙"),L39,"-") -> - | AK39: =IF(OR(G39="型材",G39="尼龙"),$N$6*O39,"-") -> - | AP39: =IF($G39="配件",I39,"-") -> - | AQ39: =IF($G39="配件",H39,"-") -> - | AS39: =IF(OR(H39="泡沫条",H39="胶条"),$N$6*L39*O39/1000,IF(OR(H39="双面贴",H39="胶带"),L39*O39/1000,IF(AP39<>"-",$N$6*O39,"-"))) -> - | AT39: =IF(OR(H39="胶条",H39="泡沫条",H39="双面贴",H39="胶带"),"米",IF(AP39<>"-",P39,"-")) -> - | AY39: =IF($G39="玻璃",$H$7,"-") -> - | AZ39: =IF($G39="玻璃",J39,"-") -> - | BB39: =IF($G39="玻璃",M39,"-") -> - | BC39: =IF($G39="玻璃",L39,"-") -> - | BD39: =IF($G39="玻璃",$N$6*O39,"-") -> - | BE39: =BD39*BC39*BB39/1000000 -> #VALUE! | BF39: =IF($G39="玻璃",K39,"-") -> - | BI39: =IF($G39="铝板",$H$7,"-") -> - | BJ39: =IF($G39="铝板",J39,"-") -> - | BK39: =IF($G39="铝板",H39,"-") -> - | BL39: =IF($G39="铝板",M39,"-") -> - | BM39: =IF($G39="铝板",L39,"-") -> - | BN39: =IF($G39="铝板",$N$6*O39,"-") -> - | BO39: =BN39*BM39*BL39/1000000 -> #VALUE! | BP39: =IF($G39="铝板",K39,"-") -> - | BS39: =IF($G39="铁皮",$H$7,"-") -> - | BT39: =IF($G39="铁皮",J39,"-") -> - | BU39: =IF($G39="铁皮",H39,"-") -> - | BV39: =IF($G39="铁皮",M39,"-") -> - | BW39: =IF($G39="铁皮",L39,"-") -> - | BX39: =IF($G39="铁皮",$N$6*O39,"-") -> - | BY39: =BX39*BW39*BV39/1000000 -> #VALUE! | BZ39: =IF($G39="铁皮",K39,"-") -> - | CC39: =IF(G39="钢材",$H$7,"-") -> - | CD39: =IF(G39="钢材",J39,"-") -> - | CE39: =IF(G39="钢材",H39,"-") -> - | CF39: =IF(G39="钢材",L39,"-") -> - | CH39: =IF(G39="钢材",$N$6*O39,"-") -> - | CJ39: =IF(G39="钢材",K39,"-") -> - | CK39: =IF(G39="钢材",Q39,"-") -> -
B40: =IF(G40<>G39,B39+1,B39) -> 6 | C40: =IF(G40<>G39,1,C39+1) -> 5 | D40: =IF(G40="","",IFERROR(IF(AND(B40<>"",C40<>""),B40&"."&C40,""),"")) | E40: 32 | F40: 31 | R40: {=IFERROR(INDEX(板块数量!$B$2:$B$118,MATCH(0,IF((板块数量!$A$2:$A$118=$K$5)*(板块数量!$B$2:$B$118<>""),COUNTIF($R$8:R39,板块数量!$B$2:$B$118),1),0)),"")} | W40: =IF(OR(G40="型材",G40="尼龙"),H40,"-") -> - | X40: =IF(OR(G40="型材",G40="尼龙"),I40,"-") -> - | Y40: =IF(OR(G40="型材",G40="尼龙"),L40,"-") -> - | Z40: =IF(OR(G40="型材",G40="尼龙"),K40,"-") -> - | AA40: =IF(OR(G40="型材",G40="尼龙"),$N$6*O40,"-") -> - | AF40: =IF(OR(G40="型材",G40="尼龙"),H40,"-") -> - | AG40: =IF(OR(G40="型材",G40="尼龙"),I40,"-") -> - | AI40: =IF(OR(G40="型材",G40="尼龙"),L40,"-") -> - | AK40: =IF(OR(G40="型材",G40="尼龙"),$N$6*O40,"-") -> - | AP40: =IF($G40="配件",I40,"-") -> - | AQ40: =IF($G40="配件",H40,"-") -> - | AS40: =IF(OR(H40="泡沫条",H40="胶条"),$N$6*L40*O40/1000,IF(OR(H40="双面贴",H40="胶带"),L40*O40/1000,IF(AP40<>"-",$N$6*O40,"-"))) -> - | AT40: =IF(OR(H40="胶条",H40="泡沫条",H40="双面贴",H40="胶带"),"米",IF(AP40<>"-",P40,"-")) -> - | AY40: =IF($G40="玻璃",$H$7,"-") -> - | AZ40: =IF($G40="玻璃",J40,"-") -> - | BB40: =IF($G40="玻璃",M40,"-") -> - | BC40: =IF($G40="玻璃",L40,"-") -> - | BD40: =IF($G40="玻璃",$N$6*O40,"-") -> - | BE40: =BD40*BC40*BB40/1000000 -> #VALUE! | BF40: =IF($G40="玻璃",K40,"-") -> - | BI40: =IF($G40="铝板",$H$7,"-") -> - | BJ40: =IF($G40="铝板",J40,"-") -> - | BK40: =IF($G40="铝板",H40,"-") -> - | BL40: =IF($G40="铝板",M40,"-") -> - | BM40: =IF($G40="铝板",L40,"-") -> - | BN40: =IF($G40="铝板",$N$6*O40,"-") -> - | BO40: =BN40*BM40*BL40/1000000 -> #VALUE! | BP40: =IF($G40="铝板",K40,"-") -> - | BS40: =IF($G40="铁皮",$H$7,"-") -> - | BT40: =IF($G40="铁皮",J40,"-") -> - | BU40: =IF($G40="铁皮",H40,"-") -> - | BV40: =IF($G40="铁皮",M40,"-") -> - | BW40: =IF($G40="铁皮",L40,"-") -> - | BX40: =IF($G40="铁皮",$N$6*O40,"-") -> - | BY40: =BX40*BW40*BV40/1000000 -> #VALUE! | BZ40: =IF($G40="铁皮",K40,"-") -> - | CC40: =IF(G40="钢材",$H$7,"-") -> - | CD40: =IF(G40="钢材",J40,"-") -> - | CE40: =IF(G40="钢材",H40,"-") -> - | CF40: =IF(G40="钢材",L40,"-") -> - | CH40: =IF(G40="钢材",$N$6*O40,"-") -> - | CJ40: =IF(G40="钢材",K40,"-") -> - | CK40: =IF(G40="钢材",Q40,"-") -> -
B41: =IF(G41<>G40,B40+1,B40) -> 6 | C41: =IF(G41<>G40,1,C40+1) -> 6 | D41: =IF(G41="","",IFERROR(IF(AND(B41<>"",C41<>""),B41&"."&C41,""),"")) | E41: 33 | F41: 32 | R41: {=IFERROR(INDEX(板块数量!$B$2:$B$118,MATCH(0,IF((板块数量!$A$2:$A$118=$K$5)*(板块数量!$B$2:$B$118<>""),COUNTIF($R$8:R40,板块数量!$B$2:$B$118),1),0)),"")} | W41: =IF(OR(G41="型材",G41="尼龙"),H41,"-") -> - | X41: =IF(OR(G41="型材",G41="尼龙"),I41,"-") -> - | Y41: =IF(OR(G41="型材",G41="尼龙"),L41,"-") -> - | Z41: =IF(OR(G41="型材",G41="尼龙"),K41,"-") -> - | AA41: =IF(OR(G41="型材",G41="尼龙"),$N$6*O41,"-") -> - | AF41: =IF(OR(G41="型材",G41="尼龙"),H41,"-") -> - | AG41: =IF(OR(G41="型材",G41="尼龙"),I41,"-") -> - | AI41: =IF(OR(G41="型材",G41="尼龙"),L41,"-") -> - | AK41: =IF(OR(G41="型材",G41="尼龙"),$N$6*O41,"-") -> - | AP41: =IF($G41="配件",I41,"-") -> - | AQ41: =IF($G41="配件",H41,"-") -> - | AS41: =IF(OR(H41="泡沫条",H41="胶条"),$N$6*L41*O41/1000,IF(OR(H41="双面贴",H41="胶带"),L41*O41/1000,IF(AP41<>"-",$N$6*O41,"-"))) -> - | AT41: =IF(OR(H41="胶条",H41="泡沫条",H41="双面贴",H41="胶带"),"米",IF(AP41<>"-",P41,"-")) -> - | AY41: =IF($G41="玻璃",$H$7,"-") -> - | AZ41: =IF($G41="玻璃",J41,"-") -> - | BB41: =IF($G41="玻璃",M41,"-") -> - | BC41: =IF($G41="玻璃",L41,"-") -> - | BD41: =IF($G41="玻璃",$N$6*O41,"-") -> - | BE41: =BD41*BC41*BB41/1000000 -> #VALUE! | BF41: =IF($G41="玻璃",K41,"-") -> - | BI41: =IF($G41="铝板",$H$7,"-") -> - | BJ41: =IF($G41="铝板",J41,"-") -> - | BK41: =IF($G41="铝板",H41,"-") -> - | BL41: =IF($G41="铝板",M41,"-") -> - | BM41: =IF($G41="铝板",L41,"-") -> - | BN41: =IF($G41="铝板",$N$6*O41,"-") -> - | BO41: =BN41*BM41*BL41/1000000 -> #VALUE! | BP41: =IF($G41="铝板",K41,"-") -> - | BS41: =IF($G41="铁皮",$H$7,"-") -> - | BT41: =IF($G41="铁皮",J41,"-") -> - | BU41: =IF($G41="铁皮",H41,"-") -> - | BV41: =IF($G41="铁皮",M41,"-") -> - | BW41: =IF($G41="铁皮",L41,"-") -> - | BX41: =IF($G41="铁皮",$N$6*O41,"-") -> - | BY41: =BX41*BW41*BV41/1000000 -> #VALUE! | BZ41: =IF($G41="铁皮",K41,"-") -> - | CC41: =IF(G41="钢材",$H$7,"-") -> - | CD41: =IF(G41="钢材",J41,"-") -> - | CE41: =IF(G41="钢材",H41,"-") -> - | CF41: =IF(G41="钢材",L41,"-") -> - | CH41: =IF(G41="钢材",$N$6*O41,"-") -> - | CJ41: =IF(G41="钢材",K41,"-") -> - | CK41: =IF(G41="钢材",Q41,"-") -> -
B42: =IF(G42<>G41,B41+1,B41) -> 6 | C42: =IF(G42<>G41,1,C41+1) -> 7 | D42: =IF(G42="","",IFERROR(IF(AND(B42<>"",C42<>""),B42&"."&C42,""),"")) | E42: 34 | F42: 33 | R42: {=IFERROR(INDEX(板块数量!$B$2:$B$118,MATCH(0,IF((板块数量!$A$2:$A$118=$K$5)*(板块数量!$B$2:$B$118<>""),COUNTIF($R$8:R41,板块数量!$B$2:$B$118),1),0)),"")} | W42: =IF(OR(G42="型材",G42="尼龙"),H42,"-") -> - | X42: =IF(OR(G42="型材",G42="尼龙"),I42,"-") -> - | Y42: =IF(OR(G42="型材",G42="尼龙"),L42,"-") -> - | Z42: =IF(OR(G42="型材",G42="尼龙"),K42,"-") -> - | AA42: =IF(OR(G42="型材",G42="尼龙"),$N$6*O42,"-") -> - | AF42: =IF(OR(G42="型材",G42="尼龙"),H42,"-") -> - | AG42: =IF(OR(G42="型材",G42="尼龙"),I42,"-") -> - | AI42: =IF(OR(G42="型材",G42="尼龙"),L42,"-") -> - | AK42: =IF(OR(G42="型材",G42="尼龙"),$N$6*O42,"-") -> - | AP42: =IF($G42="配件",I42,"-") -> - | AQ42: =IF($G42="配件",H42,"-") -> - | AS42: =IF(OR(H42="泡沫条",H42="胶条"),$N$6*L42*O42/1000,IF(OR(H42="双面贴",H42="胶带"),L42*O42/1000,IF(AP42<>"-",$N$6*O42,"-"))) -> - | AT42: =IF(OR(H42="胶条",H42="泡沫条",H42="双面贴",H42="胶带"),"米",IF(AP42<>"-",P42,"-")) -> - | AY42: =IF($G42="玻璃",$H$7,"-") -> - | AZ42: =IF($G42="玻璃",J42,"-") -> - | BB42: =IF($G42="玻璃",M42,"-") -> - | BC42: =IF($G42="玻璃",L42,"-") -> - | BD42: =IF($G42="玻璃",$N$6*O42,"-") -> - | BE42: =BD42*BC42*BB42/1000000 -> #VALUE! | BF42: =IF($G42="玻璃",K42,"-") -> - | BI42: =IF($G42="铝板",$H$7,"-") -> - | BJ42: =IF($G42="铝板",J42,"-") -> - | BK42: =IF($G42="铝板",H42,"-") -> - | BL42: =IF($G42="铝板",M42,"-") -> - | BM42: =IF($G42="铝板",L42,"-") -> - | BN42: =IF($G42="铝板",$N$6*O42,"-") -> - | BO42: =BN42*BM42*BL42/1000000 -> #VALUE! | BP42: =IF($G42="铝板",K42,"-") -> - | BS42: =IF($G42="铁皮",$H$7,"-") -> - | BT42: =IF($G42="铁皮",J42,"-") -> - | BU42: =IF($G42="铁皮",H42,"-") -> - | BV42: =IF($G42="铁皮",M42,"-") -> - | BW42: =IF($G42="铁皮",L42,"-") -> - | BX42: =IF($G42="铁皮",$N$6*O42,"-") -> - | BY42: =BX42*BW42*BV42/1000000 -> #VALUE! | BZ42: =IF($G42="铁皮",K42,"-") -> - | CC42: =IF(G42="钢材",$H$7,"-") -> - | CD42: =IF(G42="钢材",J42,"-") -> - | CE42: =IF(G42="钢材",H42,"-") -> - | CF42: =IF(G42="钢材",L42,"-") -> - | CH42: =IF(G42="钢材",$N$6*O42,"-") -> - | CJ42: =IF(G42="钢材",K42,"-") -> - | CK42: =IF(G42="钢材",Q42,"-") -> -
B43: =IF(G43<>G42,B42+1,B42) -> 6 | C43: =IF(G43<>G42,1,C42+1) -> 8 | D43: =IF(G43="","",IFERROR(IF(AND(B43<>"",C43<>""),B43&"."&C43,""),"")) | E43: 35 | F43: 34 | R43: {=IFERROR(INDEX(板块数量!$B$2:$B$118,MATCH(0,IF((板块数量!$A$2:$A$118=$K$5)*(板块数量!$B$2:$B$118<>""),COUNTIF($R$8:R42,板块数量!$B$2:$B$118),1),0)),"")} | W43: =IF(OR(G43="型材",G43="尼龙"),H43,"-") -> - | X43: =IF(OR(G43="型材",G43="尼龙"),I43,"-") -> - | Y43: =IF(OR(G43="型材",G43="尼龙"),L43,"-") -> - | Z43: =IF(OR(G43="型材",G43="尼龙"),K43,"-") -> - | AA43: =IF(OR(G43="型材",G43="尼龙"),$N$6*O43,"-") -> - | AF43: =IF(OR(G43="型材",G43="尼龙"),H43,"-") -> - | AG43: =IF(OR(G43="型材",G43="尼龙"),I43,"-") -> - | AI43: =IF(OR(G43="型材",G43="尼龙"),L43,"-") -> - | AK43: =IF(OR(G43="型材",G43="尼龙"),$N$6*O43,"-") -> - | AP43: =IF($G43="配件",I43,"-") -> - | AQ43: =IF($G43="配件",H43,"-") -> - | AS43: =IF(OR(H43="泡沫条",H43="胶条"),$N$6*L43*O43/1000,IF(OR(H43="双面贴",H43="胶带"),L43*O43/1000,IF(AP43<>"-",$N$6*O43,"-"))) -> - | AT43: =IF(OR(H43="胶条",H43="泡沫条",H43="双面贴",H43="胶带"),"米",IF(AP43<>"-",P43,"-")) -> - | AY43: =IF($G43="玻璃",$H$7,"-") -> - | AZ43: =IF($G43="玻璃",J43,"-") -> - | BB43: =IF($G43="玻璃",M43,"-") -> - | BC43: =IF($G43="玻璃",L43,"-") -> - | BD43: =IF($G43="玻璃",$N$6*O43,"-") -> - | BE43: =BD43*BC43*BB43/1000000 -> #VALUE! | BF43: =IF($G43="玻璃",K43,"-") -> - | BI43: =IF($G43="铝板",$H$7,"-") -> - | BJ43: =IF($G43="铝板",J43,"-") -> - | BK43: =IF($G43="铝板",H43,"-") -> - | BL43: =IF($G43="铝板",M43,"-") -> - | BM43: =IF($G43="铝板",L43,"-") -> - | BN43: =IF($G43="铝板",$N$6*O43,"-") -> - | BO43: =BN43*BM43*BL43/1000000 -> #VALUE! | BP43: =IF($G43="铝板",K43,"-") -> - | BS43: =IF($G43="铁皮",$H$7,"-") -> - | BT43: =IF($G43="铁皮",J43,"-") -> - | BU43: =IF($G43="铁皮",H43,"-") -> - | BV43: =IF($G43="铁皮",M43,"-") -> - | BW43: =IF($G43="铁皮",L43,"-") -> - | BX43: =IF($G43="铁皮",$N$6*O43,"-") -> - | BY43: =BX43*BW43*BV43/1000000 -> #VALUE! | BZ43: =IF($G43="铁皮",K43,"-") -> - | CC43: =IF(G43="钢材",$H$7,"-") -> - | CD43: =IF(G43="钢材",J43,"-") -> - | CE43: =IF(G43="钢材",H43,"-") -> - | CF43: =IF(G43="钢材",L43,"-") -> - | CH43: =IF(G43="钢材",$N$6*O43,"-") -> - | CJ43: =IF(G43="钢材",K43,"-") -> - | CK43: =IF(G43="钢材",Q43,"-") -> -
B44: =IF(G44<>G43,B43+1,B43) -> 6 | C44: =IF(G44<>G43,1,C43+1) -> 9 | D44: =IF(G44="","",IFERROR(IF(AND(B44<>"",C44<>""),B44&"."&C44,""),"")) | E44: 36 | F44: 35 | R44: {=IFERROR(INDEX(板块数量!$B$2:$B$118,MATCH(0,IF((板块数量!$A$2:$A$118=$K$5)*(板块数量!$B$2:$B$118<>""),COUNTIF($R$8:R43,板块数量!$B$2:$B$118),1),0)),"")} | W44: =IF(OR(G44="型材",G44="尼龙"),H44,"-") -> - | X44: =IF(OR(G44="型材",G44="尼龙"),I44,"-") -> - | Y44: =IF(OR(G44="型材",G44="尼龙"),L44,"-") -> - | Z44: =IF(OR(G44="型材",G44="尼龙"),K44,"-") -> - | AA44: =IF(OR(G44="型材",G44="尼龙"),$N$6*O44,"-") -> - | AF44: =IF(OR(G44="型材",G44="尼龙"),H44,"-") -> - | AG44: =IF(OR(G44="型材",G44="尼龙"),I44,"-") -> - | AI44: =IF(OR(G44="型材",G44="尼龙"),L44,"-") -> - | AK44: =IF(OR(G44="型材",G44="尼龙"),$N$6*O44,"-") -> - | AP44: =IF($G44="配件",I44,"-") -> - | AQ44: =IF($G44="配件",H44,"-") -> - | AS44: =IF(OR(H44="泡沫条",H44="胶条"),$N$6*L44*O44/1000,IF(OR(H44="双面贴",H44="胶带"),L44*O44/1000,IF(AP44<>"-",$N$6*O44,"-"))) -> - | AT44: =IF(OR(H44="胶条",H44="泡沫条",H44="双面贴",H44="胶带"),"米",IF(AP44<>"-",P44,"-")) -> - | AY44: =IF($G44="玻璃",$H$7,"-") -> - | AZ44: =IF($G44="玻璃",J44,"-") -> - | BB44: =IF($G44="玻璃",M44,"-") -> - | BC44: =IF($G44="玻璃",L44,"-") -> - | BD44: =IF($G44="玻璃",$N$6*O44,"-") -> - | BE44: =BD44*BC44*BB44/1000000 -> #VALUE! | BF44: =IF($G44="玻璃",K44,"-") -> - | BI44: =IF($G44="铝板",$H$7,"-") -> - | BJ44: =IF($G44="铝板",J44,"-") -> - | BK44: =IF($G44="铝板",H44,"-") -> - | BL44: =IF($G44="铝板",M44,"-") -> - | BM44: =IF($G44="铝板",L44,"-") -> - | BN44: =IF($G44="铝板",$N$6*O44,"-") -> - | BO44: =BN44*BM44*BL44/1000000 -> #VALUE! | BP44: =IF($G44="铝板",K44,"-") -> - | BS44: =IF($G44="铁皮",$H$7,"-") -> - | BT44: =IF($G44="铁皮",J44,"-") -> - | BU44: =IF($G44="铁皮",H44,"-") -> - | BV44: =IF($G44="铁皮",M44,"-") -> - | BW44: =IF($G44="铁皮",L44,"-") -> - | BX44: =IF($G44="铁皮",$N$6*O44,"-") -> - | BY44: =BX44*BW44*BV44/1000000 -> #VALUE! | BZ44: =IF($G44="铁皮",K44,"-") -> - | CC44: =IF(G44="钢材",$H$7,"-") -> - | CD44: =IF(G44="钢材",J44,"-") -> - | CE44: =IF(G44="钢材",H44,"-") -> - | CF44: =IF(G44="钢材",L44,"-") -> - | CH44: =IF(G44="钢材",$N$6*O44,"-") -> - | CJ44: =IF(G44="钢材",K44,"-") -> - | CK44: =IF(G44="钢材",Q44,"-") -> -
B45: =IF(G45<>G44,B44+1,B44) -> 6 | C45: =IF(G45<>G44,1,C44+1) -> 10 | D45: =IF(G45="","",IFERROR(IF(AND(B45<>"",C45<>""),B45&"."&C45,""),"")) | E45: 37 | F45: 36 | R45: {=IFERROR(INDEX(板块数量!$B$2:$B$118,MATCH(0,IF((板块数量!$A$2:$A$118=$K$5)*(板块数量!$B$2:$B$118<>""),COUNTIF($R$8:R44,板块数量!$B$2:$B$118),1),0)),"")} | W45: =IF(OR(G45="型材",G45="尼龙"),H45,"-") -> - | X45: =IF(OR(G45="型材",G45="尼龙"),I45,"-") -> - | Y45: =IF(OR(G45="型材",G45="尼龙"),L45,"-") -> - | Z45: =IF(OR(G45="型材",G45="尼龙"),K45,"-") -> - | AA45: =IF(OR(G45="型材",G45="尼龙"),$N$6*O45,"-") -> - | AF45: =IF(OR(G45="型材",G45="尼龙"),H45,"-") -> - | AG45: =IF(OR(G45="型材",G45="尼龙"),I45,"-") -> - | AI45: =IF(OR(G45="型材",G45="尼龙"),L45,"-") -> - | AK45: =IF(OR(G45="型材",G45="尼龙"),$N$6*O45,"-") -> - | AP45: =IF($G45="配件",I45,"-") -> - | AQ45: =IF($G45="配件",H45,"-") -> - | AS45: =IF(OR(H45="泡沫条",H45="胶条"),$N$6*L45*O45/1000,IF(OR(H45="双面贴",H45="胶带"),L45*O45/1000,IF(AP45<>"-",$N$6*O45,"-"))) -> - | AT45: =IF(OR(H45="胶条",H45="泡沫条",H45="双面贴",H45="胶带"),"米",IF(AP45<>"-",P45,"-")) -> - | AY45: =IF($G45="玻璃",$H$7,"-") -> - | AZ45: =IF($G45="玻璃",J45,"-") -> - | BB45: =IF($G45="玻璃",M45,"-") -> - | BC45: =IF($G45="玻璃",L45,"-") -> - | BD45: =IF($G45="玻璃",$N$6*O45,"-") -> - | BE45: =BD45*BC45*BB45/1000000 -> #VALUE! | BF45: =IF($G45="玻璃",K45,"-") -> - | BI45: =IF($G45="铝板",$H$7,"-") -> - | BJ45: =IF($G45="铝板",J45,"-") -> - | BK45: =IF($G45="铝板",H45,"-") -> - | BL45: =IF($G45="铝板",M45,"-") -> - | BM45: =IF($G45="铝板",L45,"-") -> - | BN45: =IF($G45="铝板",$N$6*O45,"-") -> - | BO45: =BN45*BM45*BL45/1000000 -> #VALUE! | BP45: =IF($G45="铝板",K45,"-") -> - | BS45: =IF($G45="铁皮",$H$7,"-") -> - | BT45: =IF($G45="铁皮",J45,"-") -> - | BU45: =IF($G45="铁皮",H45,"-") -> - | BV45: =IF($G45="铁皮",M45,"-") -> - | BW45: =IF($G45="铁皮",L45,"-") -> - | BX45: =IF($G45="铁皮",$N$6*O45,"-") -> - | BY45: =BX45*BW45*BV45/1000000 -> #VALUE! | BZ45: =IF($G45="铁皮",K45,"-") -> - | CC45: =IF(G45="钢材",$H$7,"-") -> - | CD45: =IF(G45="钢材",J45,"-") -> - | CE45: =IF(G45="钢材",H45,"-") -> - | CF45: =IF(G45="钢材",L45,"-") -> - | CH45: =IF(G45="钢材",$N$6*O45,"-") -> - | CJ45: =IF(G45="钢材",K45,"-") -> - | CK45: =IF(G45="钢材",Q45,"-") -> -
B46: =IF(G46<>G45,B45+1,B45) -> 6 | C46: =IF(G46<>G45,1,C45+1) -> 11 | D46: =IF(G46="","",IFERROR(IF(AND(B46<>"",C46<>""),B46&"."&C46,""),"")) | E46: 38 | F46: 37 | R46: {=IFERROR(INDEX(板块数量!$B$2:$B$118,MATCH(0,IF((板块数量!$A$2:$A$118=$K$5)*(板块数量!$B$2:$B$118<>""),COUNTIF($R$8:R45,板块数量!$B$2:$B$118),1),0)),"")} | W46: =IF(OR(G46="型材",G46="尼龙"),H46,"-") -> - | X46: =IF(OR(G46="型材",G46="尼龙"),I46,"-") -> - | Y46: =IF(OR(G46="型材",G46="尼龙"),L46,"-") -> - | Z46: =IF(OR(G46="型材",G46="尼龙"),K46,"-") -> - | AA46: =IF(OR(G46="型材",G46="尼龙"),$N$6*O46,"-") -> - | AF46: =IF(OR(G46="型材",G46="尼龙"),H46,"-") -> - | AG46: =IF(OR(G46="型材",G46="尼龙"),I46,"-") -> - | AI46: =IF(OR(G46="型材",G46="尼龙"),L46,"-") -> - | AK46: =IF(OR(G46="型材",G46="尼龙"),$N$6*O46,"-") -> - | AP46: =IF($G46="配件",I46,"-") -> - | AQ46: =IF($G46="配件",H46,"-") -> - | AS46: =IF(OR(H46="泡沫条",H46="胶条"),$N$6*L46*O46/1000,IF(OR(H46="双面贴",H46="胶带"),L46*O46/1000,IF(AP46<>"-",$N$6*O46,"-"))) -> - | AT46: =IF(OR(H46="胶条",H46="泡沫条",H46="双面贴",H46="胶带"),"米",IF(AP46<>"-",P46,"-")) -> - | AY46: =IF($G46="玻璃",$H$7,"-") -> - | AZ46: =IF($G46="玻璃",J46,"-") -> - | BB46: =IF($G46="玻璃",M46,"-") -> - | BC46: =IF($G46="玻璃",L46,"-") -> - | BD46: =IF($G46="玻璃",$N$6*O46,"-") -> - | BE46: =BD46*BC46*BB46/1000000 -> #VALUE! | BF46: =IF($G46="玻璃",K46,"-") -> - | BI46: =IF($G46="铝板",$H$7,"-") -> - | BJ46: =IF($G46="铝板",J46,"-") -> - | BK46: =IF($G46="铝板",H46,"-") -> - | BL46: =IF($G46="铝板",M46,"-") -> - | BM46: =IF($G46="铝板",L46,"-") -> - | BN46: =IF($G46="铝板",$N$6*O46,"-") -> - | BO46: =BN46*BM46*BL46/1000000 -> #VALUE! | BP46: =IF($G46="铝板",K46,"-") -> - | BS46: =IF($G46="铁皮",$H$7,"-") -> - | BT46: =IF($G46="铁皮",J46,"-") -> - | BU46: =IF($G46="铁皮",H46,"-") -> - | BV46: =IF($G46="铁皮",M46,"-") -> - | BW46: =IF($G46="铁皮",L46,"-") -> - | BX46: =IF($G46="铁皮",$N$6*O46,"-") -> - | BY46: =BX46*BW46*BV46/1000000 -> #VALUE! | BZ46: =IF($G46="铁皮",K46,"-") -> - | CC46: =IF(G46="钢材",$H$7,"-") -> - | CD46: =IF(G46="钢材",J46,"-") -> - | CE46: =IF(G46="钢材",H46,"-") -> - | CF46: =IF(G46="钢材",L46,"-") -> - | CH46: =IF(G46="钢材",$N$6*O46,"-") -> - | CJ46: =IF(G46="钢材",K46,"-") -> - | CK46: =IF(G46="钢材",Q46,"-") -> -
B47: =IF(G47<>G46,B46+1,B46) -> 6 | C47: =IF(G47<>G46,1,C46+1) -> 12 | D47: =IF(G47="","",IFERROR(IF(AND(B47<>"",C47<>""),B47&"."&C47,""),"")) | E47: 39 | F47: 38 | R47: {=IFERROR(INDEX(板块数量!$B$2:$B$118,MATCH(0,IF((板块数量!$A$2:$A$118=$K$5)*(板块数量!$B$2:$B$118<>""),COUNTIF($R$8:R46,板块数量!$B$2:$B$118),1),0)),"")} | W47: =IF(OR(G47="型材",G47="尼龙"),H47,"-") -> - | X47: =IF(OR(G47="型材",G47="尼龙"),I47,"-") -> - | Y47: =IF(OR(G47="型材",G47="尼龙"),L47,"-") -> - | Z47: =IF(OR(G47="型材",G47="尼龙"),K47,"-") -> - | AA47: =IF(OR(G47="型材",G47="尼龙"),$N$6*O47,"-") -> - | AF47: =IF(OR(G47="型材",G47="尼龙"),H47,"-") -> - | AG47: =IF(OR(G47="型材",G47="尼龙"),I47,"-") -> - | AI47: =IF(OR(G47="型材",G47="尼龙"),L47,"-") -> - | AK47: =IF(OR(G47="型材",G47="尼龙"),$N$6*O47,"-") -> - | AP47: =IF($G47="配件",I47,"-") -> - | AQ47: =IF($G47="配件",H47,"-") -> - | AS47: =IF(OR(H47="泡沫条",H47="胶条"),$N$6*L47*O47/1000,IF(OR(H47="双面贴",H47="胶带"),L47*O47/1000,IF(AP47<>"-",$N$6*O47,"-"))) -> - | AT47: =IF(OR(H47="胶条",H47="泡沫条",H47="双面贴",H47="胶带"),"米",IF(AP47<>"-",P47,"-")) -> - | AY47: =IF($G47="玻璃",$H$7,"-") -> - | AZ47: =IF($G47="玻璃",J47,"-") -> - | BB47: =IF($G47="玻璃",M47,"-") -> - | BC47: =IF($G47="玻璃",L47,"-") -> - | BD47: =IF($G47="玻璃",$N$6*O47,"-") -> - | BE47: =BD47*BC47*BB47/1000000 -> #VALUE! | BF47: =IF($G47="玻璃",K47,"-") -> - | BI47: =IF($G47="铝板",$H$7,"-") -> - | BJ47: =IF($G47="铝板",J47,"-") -> - | BK47: =IF($G47="铝板",H47,"-") -> - | BL47: =IF($G47="铝板",M47,"-") -> - | BM47: =IF($G47="铝板",L47,"-") -> - | BN47: =IF($G47="铝板",$N$6*O47,"-") -> - | BO47: =BN47*BM47*BL47/1000000 -> #VALUE! | BP47: =IF($G47="铝板",K47,"-") -> - | BS47: =IF($G47="铁皮",$H$7,"-") -> - | BT47: =IF($G47="铁皮",J47,"-") -> - | BU47: =IF($G47="铁皮",H47,"-") -> - | BV47: =IF($G47="铁皮",M47,"-") -> - | BW47: =IF($G47="铁皮",L47,"-") -> - | BX47: =IF($G47="铁皮",$N$6*O47,"-") -> - | BY47: =BX47*BW47*BV47/1000000 -> #VALUE! | BZ47: =IF($G47="铁皮",K47,"-") -> - | CC47: =IF(G47="钢材",$H$7,"-") -> - | CD47: =IF(G47="钢材",J47,"-") -> - | CE47: =IF(G47="钢材",H47,"-") -> - | CF47: =IF(G47="钢材",L47,"-") -> - | CH47: =IF(G47="钢材",$N$6*O47,"-") -> - | CJ47: =IF(G47="钢材",K47,"-") -> - | CK47: =IF(G47="钢材",Q47,"-") -> -
B48: =IF(G48<>G47,B47+1,B47) -> 6 | C48: =IF(G48<>G47,1,C47+1) -> 13 | D48: =IF(G48="","",IFERROR(IF(AND(B48<>"",C48<>""),B48&"."&C48,""),"")) | E48: 40 | F48: 39 | R48: {=IFERROR(INDEX(板块数量!$B$2:$B$118,MATCH(0,IF((板块数量!$A$2:$A$118=$K$5)*(板块数量!$B$2:$B$118<>""),COUNTIF($R$8:R47,板块数量!$B$2:$B$118),1),0)),"")} | W48: =IF(OR(G48="型材",G48="尼龙"),H48,"-") -> - | X48: =IF(OR(G48="型材",G48="尼龙"),I48,"-") -> - | Y48: =IF(OR(G48="型材",G48="尼龙"),L48,"-") -> - | Z48: =IF(OR(G48="型材",G48="尼龙"),K48,"-") -> - | AA48: =IF(OR(G48="型材",G48="尼龙"),$N$6*O48,"-") -> - | AF48: =IF(OR(G48="型材",G48="尼龙"),H48,"-") -> - | AG48: =IF(OR(G48="型材",G48="尼龙"),I48,"-") -> - | AI48: =IF(OR(G48="型材",G48="尼龙"),L48,"-") -> - | AK48: =IF(OR(G48="型材",G48="尼龙"),$N$6*O48,"-") -> - | AP48: =IF($G48="配件",I48,"-") -> - | AQ48: =IF($G48="配件",H48,"-") -> - | AS48: =IF(OR(H48="泡沫条",H48="胶条"),$N$6*L48*O48/1000,IF(OR(H48="双面贴",H48="胶带"),L48*O48/1000,IF(AP48<>"-",$N$6*O48,"-"))) -> - | AT48: =IF(OR(H48="胶条",H48="泡沫条",H48="双面贴",H48="胶带"),"米",IF(AP48<>"-",P48,"-")) -> - | AY48: =IF($G48="玻璃",$H$7,"-") -> - | AZ48: =IF($G48="玻璃",J48,"-") -> - | BB48: =IF($G48="玻璃",M48,"-") -> - | BC48: =IF($G48="玻璃",L48,"-") -> - | BD48: =IF($G48="玻璃",$N$6*O48,"-") -> - | BE48: =BD48*BC48*BB48/1000000 -> #VALUE! | BF48: =IF($G48="玻璃",K48,"-") -> - | BI48: =IF($G48="铝板",$H$7,"-") -> - | BJ48: =IF($G48="铝板",J48,"-") -> - | BK48: =IF($G48="铝板",H48,"-") -> - | BL48: =IF($G48="铝板",M48,"-") -> - | BM48: =IF($G48="铝板",L48,"-") -> - | BN48: =IF($G48="铝板",$N$6*O48,"-") -> - | BO48: =BN48*BM48*BL48/1000000 -> #VALUE! | BP48: =IF($G48="铝板",K48,"-") -> - | BS48: =IF($G48="铁皮",$H$7,"-") -> - | BT48: =IF($G48="铁皮",J48,"-") -> - | BU48: =IF($G48="铁皮",H48,"-") -> - | BV48: =IF($G48="铁皮",M48,"-") -> - | BW48: =IF($G48="铁皮",L48,"-") -> - | BX48: =IF($G48="铁皮",$N$6*O48,"-") -> - | BY48: =BX48*BW48*BV48/1000000 -> #VALUE! | BZ48: =IF($G48="铁皮",K48,"-") -> - | CC48: =IF(G48="钢材",$H$7,"-") -> - | CD48: =IF(G48="钢材",J48,"-") -> - | CE48: =IF(G48="钢材",H48,"-") -> - | CF48: =IF(G48="钢材",L48,"-") -> - | CH48: =IF(G48="钢材",$N$6*O48,"-") -> - | CJ48: =IF(G48="钢材",K48,"-") -> - | CK48: =IF(G48="钢材",Q48,"-") -> -
B49: =IF(G49<>G48,B48+1,B48) -> 6 | C49: =IF(G49<>G48,1,C48+1) -> 14 | D49: =IF(G49="","",IFERROR(IF(AND(B49<>"",C49<>""),B49&"."&C49,""),"")) | E49: 41 | F49: 辅材 | R49: {=IFERROR(INDEX(板块数量!$B$2:$B$118,MATCH(0,IF((板块数量!$A$2:$A$118=$K$5)*(板块数量!$B$2:$B$118<>""),COUNTIF($R$8:R48,板块数量!$B$2:$B$118),1),0)),"")} | W49: =IF(OR(G49="型材",G49="尼龙"),H49,"-") -> - | X49: =IF(OR(G49="型材",G49="尼龙"),I49,"-") -> - | Y49: =IF(OR(G49="型材",G49="尼龙"),L49,"-") -> - | Z49: =IF(OR(G49="型材",G49="尼龙"),K49,"-") -> - | AA49: =IF(OR(G49="型材",G49="尼龙"),$N$6*O49,"-") -> - | AF49: =IF(OR(G49="型材",G49="尼龙"),H49,"-") -> - | AG49: =IF(OR(G49="型材",G49="尼龙"),I49,"-") -> - | AI49: =IF(OR(G49="型材",G49="尼龙"),L49,"-") -> - | AK49: =IF(OR(G49="型材",G49="尼龙"),$N$6*O49,"-") -> - | AP49: =IF($G49="配件",I49,"-") -> - | AQ49: =IF($G49="配件",H49,"-") -> - | AS49: =IF(OR(H49="泡沫条",H49="胶条"),$N$6*L49*O49/1000,IF(OR(H49="双面贴",H49="胶带"),L49*O49/1000,IF(AP49<>"-",$N$6*O49,"-"))) -> - | AT49: =IF(OR(H49="胶条",H49="泡沫条",H49="双面贴",H49="胶带"),"米",IF(AP49<>"-",P49,"-")) -> - | AY49: =IF($G49="玻璃",$H$7,"-") -> - | AZ49: =IF($G49="玻璃",J49,"-") -> - | BB49: =IF($G49="玻璃",M49,"-") -> - | BC49: =IF($G49="玻璃",L49,"-") -> - | BD49: =IF($G49="玻璃",$N$6*O49,"-") -> - | BE49: =BD49*BC49*BB49/1000000 -> #VALUE! | BF49: =IF($G49="玻璃",K49,"-") -> - | BI49: =IF($G49="铝板",$H$7,"-") -> - | BJ49: =IF($G49="铝板",J49,"-") -> - | BK49: =IF($G49="铝板",H49,"-") -> - | BL49: =IF($G49="铝板",M49,"-") -> - | BM49: =IF($G49="铝板",L49,"-") -> - | BN49: =IF($G49="铝板",$N$6*O49,"-") -> - | BO49: =BN49*BM49*BL49/1000000 -> #VALUE! | BP49: =IF($G49="铝板",K49,"-") -> - | BS49: =IF($G49="铁皮",$H$7,"-") -> - | BT49: =IF($G49="铁皮",J49,"-") -> - | BU49: =IF($G49="铁皮",H49,"-") -> - | BV49: =IF($G49="铁皮",M49,"-") -> - | BW49: =IF($G49="铁皮",L49,"-") -> - | BX49: =IF($G49="铁皮",$N$6*O49,"-") -> - | BY49: =BX49*BW49*BV49/1000000 -> #VALUE! | BZ49: =IF($G49="铁皮",K49,"-") -> - | CC49: =IF(G49="钢材",$H$7,"-") -> - | CD49: =IF(G49="钢材",J49,"-") -> - | CE49: =IF(G49="钢材",H49,"-") -> - | CF49: =IF(G49="钢材",L49,"-") -> - | CH49: =IF(G49="钢材",$N$6*O49,"-") -> - | CJ49: =IF(G49="钢材",K49,"-") -> - | CK49: =IF(G49="钢材",Q49,"-") -> -
B50: =IF(G50<>G49,B49+1,B49) -> 7 | C50: =IF(G50<>G49,1,C49+1) -> 1 | D50: =IF(G50="","",IFERROR(IF(AND(B50<>"",C50<>""),B50&"."&C50,""),"")) -> 7.1 | E50: 42 | F50: 1 | G50: 配件 | H50: 紧固件 | I50: M12x40不锈钢螺栓（配1平1弹1螺母） | O50: 6 | P50: 颗 | R50: {=IFERROR(INDEX(板块数量!$B$2:$B$118,MATCH(0,IF((板块数量!$A$2:$A$118=$K$5)*(板块数量!$B$2:$B$118<>""),COUNTIF($R$8:R49,板块数量!$B$2:$B$118),1),0)),"")} | W50: =IF(OR(G50="型材",G50="尼龙"),H50,"-") -> - | X50: =IF(OR(G50="型材",G50="尼龙"),I50,"-") -> - | Y50: =IF(OR(G50="型材",G50="尼龙"),L50,"-") -> - | Z50: =IF(OR(G50="型材",G50="尼龙"),K50,"-") -> - | AA50: =IF(OR(G50="型材",G50="尼龙"),$N$6*O50,"-") -> - | AF50: =IF(OR(G50="型材",G50="尼龙"),H50,"-") -> - | AG50: =IF(OR(G50="型材",G50="尼龙"),I50,"-") -> - | AI50: =IF(OR(G50="型材",G50="尼龙"),L50,"-") -> - | AK50: =IF(OR(G50="型材",G50="尼龙"),$N$6*O50,"-") -> - | AP50: =IF($G50="配件",I50,"-") -> M12x40不锈钢螺栓（配1平1弹1螺母） | AQ50: =IF($G50="配件",H50,"-") -> 紧固件 | AS50: =IF(OR(H50="泡沫条",H50="胶条"),$N$6*L50*O50/1000,IF(OR(H50="双面贴",H50="胶带"),L50*O50/1000,IF(AP50<>"-",$N$6*O50,"-"))) -> 42 | AT50: =IF(OR(H50="胶条",H50="泡沫条",H50="双面贴",H50="胶带"),"米",IF(AP50<>"-",P50,"-")) -> 颗 | AY50: =IF($G50="玻璃",$H$7,"-") -> - | AZ50: =IF($G50="玻璃",J50,"-") -> - | BB50: =IF($G50="玻璃",M50,"-") -> - | BC50: =IF($G50="玻璃",L50,"-") -> - | BD50: =IF($G50="玻璃",$N$6*O50,"-") -> - | BE50: =BD50*BC50*BB50/1000000 -> #VALUE! | BF50: =IF($G50="玻璃",K50,"-") -> - | BI50: =IF($G50="铝板",$H$7,"-") -> - | BJ50: =IF($G50="铝板",J50,"-") -> - | BK50: =IF($G50="铝板",H50,"-") -> - | BL50: =IF($G50="铝板",M50,"-") -> - | BM50: =IF($G50="铝板",L50,"-") -> - | BN50: =IF($G50="铝板",$N$6*O50,"-") -> - | BO50: =BN50*BM50*BL50/1000000 -> #VALUE! | BP50: =IF($G50="铝板",K50,"-") -> - | BS50: =IF($G50="铁皮",$H$7,"-") -> - | BT50: =IF($G50="铁皮",J50,"-") -> - | BU50: =IF($G50="铁皮",H50,"-") -> - | BV50: =IF($G50="铁皮",M50,"-") -> - | BW50: =IF($G50="铁皮",L50,"-") -> - | BX50: =IF($G50="铁皮",$N$6*O50,"-") -> - | BY50: =BX50*BW50*BV50/1000000 -> #VALUE! | BZ50: =IF($G50="铁皮",K50,"-") -> - | CC50: =IF(G50="钢材",$H$7,"-") -> - | CD50: =IF(G50="钢材",J50,"-") -> - | CE50: =IF(G50="钢材",H50,"-") -> - | CF50: =IF(G50="钢材",L50,"-") -> - | CH50: =IF(G50="钢材",$N$6*O50,"-") -> - | CJ50: =IF(G50="钢材",K50,"-") -> - | CK50: =IF(G50="钢材",Q50,"-") -> -
B51: =IF(G51<>G50,B50+1,B50) -> 7 | C51: =IF(G51<>G50,1,C50+1) -> 2 | D51: =IF(G51="","",IFERROR(IF(AND(B51<>"",C51<>""),B51&"."&C51,""),"")) -> 7.2 | E51: 43 | F51: 2 | G51: 配件 | H51: 胶条 | I51: 1139-BLGA54 EPDM | L51: 3800 | O51: 2 | P51: 支 | R51: {=IFERROR(INDEX(板块数量!$B$2:$B$118,MATCH(0,IF((板块数量!$A$2:$A$118=$K$5)*(板块数量!$B$2:$B$118<>""),COUNTIF($R$8:R50,板块数量!$B$2:$B$118),1),0)),"")} | W51: =IF(OR(G51="型材",G51="尼龙"),H51,"-") -> - | X51: =IF(OR(G51="型材",G51="尼龙"),I51,"-") -> - | Y51: =IF(OR(G51="型材",G51="尼龙"),L51,"-") -> - | Z51: =IF(OR(G51="型材",G51="尼龙"),K51,"-") -> - | AA51: =IF(OR(G51="型材",G51="尼龙"),$N$6*O51,"-") -> - | AF51: =IF(OR(G51="型材",G51="尼龙"),H51,"-") -> - | AG51: =IF(OR(G51="型材",G51="尼龙"),I51,"-") -> - | AI51: =IF(OR(G51="型材",G51="尼龙"),L51,"-") -> - | AK51: =IF(OR(G51="型材",G51="尼龙"),$N$6*O51,"-") -> - | AP51: =IF($G51="配件",I51,"-") -> 1139-BLGA54 EPDM | AQ51: =IF($G51="配件",H51,"-") -> 胶条 | AS51: =IF(OR(H51="泡沫条",H51="胶条"),$N$6*L51*O51/1000,IF(OR(H51="双面贴",H51="胶带"),L51*O51/1000,IF(AP51<>"-",$N$6*O51,"-"))) -> 53.2 | AT51: =IF(OR(H51="胶条",H51="泡沫条",H51="双面贴",H51="胶带"),"米",IF(AP51<>"-",P51,"-")) -> 米 | AY51: =IF($G51="玻璃",$H$7,"-") -> - | AZ51: =IF($G51="玻璃",J51,"-") -> - | BB51: =IF($G51="玻璃",M51,"-") -> - | BC51: =IF($G51="玻璃",L51,"-") -> - | BD51: =IF($G51="玻璃",$N$6*O51,"-") -> - | BE51: =BD51*BC51*BB51/1000000 -> #VALUE! | BF51: =IF($G51="玻璃",K51,"-") -> - | BI51: =IF($G51="铝板",$H$7,"-") -> - | BJ51: =IF($G51="铝板",J51,"-") -> - | BK51: =IF($G51="铝板",H51,"-") -> - | BL51: =IF($G51="铝板",M51,"-") -> - | BM51: =IF($G51="铝板",L51,"-") -> - | BN51: =IF($G51="铝板",$N$6*O51,"-") -> - | BO51: =BN51*BM51*BL51/1000000 -> #VALUE! | BP51: =IF($G51="铝板",K51,"-") -> - | BS51: =IF($G51="铁皮",$H$7,"-") -> - | BT51: =IF($G51="铁皮",J51,"-") -> - | BU51: =IF($G51="铁皮",H51,"-") -> - | BV51: =IF($G51="铁皮",M51,"-") -> - | BW51: =IF($G51="铁皮",L51,"-") -> - | BX51: =IF($G51="铁皮",$N$6*O51,"-") -> - | BY51: =BX51*BW51*BV51/1000000 -> #VALUE! | BZ51: =IF($G51="铁皮",K51,"-") -> - | CC51: =IF(G51="钢材",$H$7,"-") -> - | CD51: =IF(G51="钢材",J51,"-") -> - | CE51: =IF(G51="钢材",H51,"-") -> - | CF51: =IF(G51="钢材",L51,"-") -> - | CH51: =IF(G51="钢材",$N$6*O51,"-") -> - | CJ51: =IF(G51="钢材",K51,"-") -> - | CK51: =IF(G51="钢材",Q51,"-") -> -
B52: =IF(G52<>G51,B51+1,B51) -> 7 | C52: =IF(G52<>G51,1,C51+1) -> 3 | D52: =IF(G52="","",IFERROR(IF(AND(B52<>"",C52<>""),B52&"."&C52,""),"")) -> 7.3 | E52: 44 | F52: 3 | G52: 配件 | H52: 胶条 | I52: 1139-BLGA05 EPDM | L52: 3800 | O52: 2 | P52: 支 | R52: {=IFERROR(INDEX(板块数量!$B$2:$B$118,MATCH(0,IF((板块数量!$A$2:$A$118=$K$5)*(板块数量!$B$2:$B$118<>""),COUNTIF($R$8:R51,板块数量!$B$2:$B$118),1),0)),"")} | W52: =IF(OR(G52="型材",G52="尼龙"),H52,"-") -> - | X52: =IF(OR(G52="型材",G52="尼龙"),I52,"-") -> - | Y52: =IF(OR(G52="型材",G52="尼龙"),L52,"-") -> - | Z52: =IF(OR(G52="型材",G52="尼龙"),K52,"-") -> - | AA52: =IF(OR(G52="型材",G52="尼龙"),$N$6*O52,"-") -> - | AF52: =IF(OR(G52="型材",G52="尼龙"),H52,"-") -> - | AG52: =IF(OR(G52="型材",G52="尼龙"),I52,"-") -> - | AI52: =IF(OR(G52="型材",G52="尼龙"),L52,"-") -> - | AK52: =IF(OR(G52="型材",G52="尼龙"),$N$6*O52,"-") -> - | AP52: =IF($G52="配件",I52,"-") -> 1139-BLGA05 EPDM | AQ52: =IF($G52="配件",H52,"-") -> 胶条 | AS52: =IF(OR(H52="泡沫条",H52="胶条"),$N$6*L52*O52/1000,IF(OR(H52="双面贴",H52="胶带"),L52*O52/1000,IF(AP52<>"-",$N$6*O52,"-"))) -> 53.2 | AT52: =IF(OR(H52="胶条",H52="泡沫条",H52="双面贴",H52="胶带"),"米",IF(AP52<>"-",P52,"-")) -> 米 | AY52: =IF($G52="玻璃",$H$7,"-") -> - | AZ52: =IF($G52="玻璃",J52,"-") -> - | BB52: =IF($G52="玻璃",M52,"-") -> - | BC52: =IF($G52="玻璃",L52,"-") -> - | BD52: =IF($G52="玻璃",$N$6*O52,"-") -> - | BE52: =BD52*BC52*BB52/1000000 -> #VALUE! | BF52: =IF($G52="玻璃",K52,"-") -> - | BI52: =IF($G52="铝板",$H$7,"-") -> - | BJ52: =IF($G52="铝板",J52,"-") -> - | BK52: =IF($G52="铝板",H52,"-") -> - | BL52: =IF($G52="铝板",M52,"-") -> - | BM52: =IF($G52="铝板",L52,"-") -> - | BN52: =IF($G52="铝板",$N$6*O52,"-") -> - | BO52: =BN52*BM52*BL52/1000000 -> #VALUE! | BP52: =IF($G52="铝板",K52,"-") -> - | BS52: =IF($G52="铁皮",$H$7,"-") -> - | BT52: =IF($G52="铁皮",J52,"-") -> - | BU52: =IF($G52="铁皮",H52,"-") -> - | BV52: =IF($G52="铁皮",M52,"-") -> - | BW52: =IF($G52="铁皮",L52,"-") -> - | BX52: =IF($G52="铁皮",$N$6*O52,"-") -> - | BY52: =BX52*BW52*BV52/1000000 -> #VALUE! | BZ52: =IF($G52="铁皮",K52,"-") -> - | CC52: =IF(G52="钢材",$H$7,"-") -> - | CD52: =IF(G52="钢材",J52,"-") -> - | CE52: =IF(G52="钢材",H52,"-") -> - | CF52: =IF(G52="钢材",L52,"-") -> - | CH52: =IF(G52="钢材",$N$6*O52,"-") -> - | CJ52: =IF(G52="钢材",K52,"-") -> - | CK52: =IF(G52="钢材",Q52,"-") -> -
B53: =IF(G53<>G52,B52+1,B52) -> 7 | C53: =IF(G53<>G52,1,C52+1) -> 4 | D53: =IF(G53="","",IFERROR(IF(AND(B53<>"",C53<>""),B53&"."&C53,""),"")) -> 7.4 | E53: 45 | F53: 4 | G53: 配件 | H53: 胶条 | I53: 9527-FZ-GA01A 硅胶 | L53: 3800 | O53: 2 | P53: 支 | R53: {=IFERROR(INDEX(板块数量!$B$2:$B$118,MATCH(0,IF((板块数量!$A$2:$A$118=$K$5)*(板块数量!$B$2:$B$118<>""),COUNTIF($R$8:R52,板块数量!$B$2:$B$118),1),0)),"")} | W53: =IF(OR(G53="型材",G53="尼龙"),H53,"-") -> - | X53: =IF(OR(G53="型材",G53="尼龙"),I53,"-") -> - | Y53: =IF(OR(G53="型材",G53="尼龙"),L53,"-") -> - | Z53: =IF(OR(G53="型材",G53="尼龙"),K53,"-") -> - | AA53: =IF(OR(G53="型材",G53="尼龙"),$N$6*O53,"-") -> - | AF53: =IF(OR(G53="型材",G53="尼龙"),H53,"-") -> - | AG53: =IF(OR(G53="型材",G53="尼龙"),I53,"-") -> - | AI53: =IF(OR(G53="型材",G53="尼龙"),L53,"-") -> - | AK53: =IF(OR(G53="型材",G53="尼龙"),$N$6*O53,"-") -> - | AP53: =IF($G53="配件",I53,"-") -> 9527-FZ-GA01A 硅胶 | AQ53: =IF($G53="配件",H53,"-") -> 胶条 | AS53: =IF(OR(H53="泡沫条",H53="胶条"),$N$6*L53*O53/1000,IF(OR(H53="双面贴",H53="胶带"),L53*O53/1000,IF(AP53<>"-",$N$6*O53,"-"))) -> 53.2 | AT53: =IF(OR(H53="胶条",H53="泡沫条",H53="双面贴",H53="胶带"),"米",IF(AP53<>"-",P53,"-")) -> 米 | AY53: =IF($G53="玻璃",$H$7,"-") -> - | AZ53: =IF($G53="玻璃",J53,"-") -> - | BB53: =IF($G53="玻璃",M53,"-") -> - | BC53: =IF($G53="玻璃",L53,"-") -> - | BD53: =IF($G53="玻璃",$N$6*O53,"-") -> - | BE53: =BD53*BC53*BB53/1000000 -> #VALUE! | BF53: =IF($G53="玻璃",K53,"-") -> - | BI53: =IF($G53="铝板",$H$7,"-") -> - | BJ53: =IF($G53="铝板",J53,"-") -> - | BK53: =IF($G53="铝板",H53,"-") -> - | BL53: =IF($G53="铝板",M53,"-") -> - | BM53: =IF($G53="铝板",L53,"-") -> - | BN53: =IF($G53="铝板",$N$6*O53,"-") -> - | BO53: =BN53*BM53*BL53/1000000 -> #VALUE! | BP53: =IF($G53="铝板",K53,"-") -> - | BS53: =IF($G53="铁皮",$H$7,"-") -> - | BT53: =IF($G53="铁皮",J53,"-") -> - | BU53: =IF($G53="铁皮",H53,"-") -> - | BV53: =IF($G53="铁皮",M53,"-") -> - | BW53: =IF($G53="铁皮",L53,"-") -> - | BX53: =IF($G53="铁皮",$N$6*O53,"-") -> - | BY53: =BX53*BW53*BV53/1000000 -> #VALUE! | BZ53: =IF($G53="铁皮",K53,"-") -> - | CC53: =IF(G53="钢材",$H$7,"-") -> - | CD53: =IF(G53="钢材",J53,"-") -> - | CE53: =IF(G53="钢材",H53,"-") -> - | CF53: =IF(G53="钢材",L53,"-") -> - | CH53: =IF(G53="钢材",$N$6*O53,"-") -> - | CJ53: =IF(G53="钢材",K53,"-") -> - | CK53: =IF(G53="钢材",Q53,"-") -> -
B54: =IF(G54<>G53,B53+1,B53) -> 7 | C54: =IF(G54<>G53,1,C53+1) -> 5 | D54: =IF(G54="","",IFERROR(IF(AND(B54<>"",C54<>""),B54&"."&C54,""),"")) -> 7.5 | E54: 46 | F54: 5 | G54: 配件 | H54: 胶条 | I54: 9527-SYE-GA02（L=200）EPDM发泡 | L54: 200 | O54: 1 | P54: 支 | R54: {=IFERROR(INDEX(板块数量!$B$2:$B$118,MATCH(0,IF((板块数量!$A$2:$A$118=$K$5)*(板块数量!$B$2:$B$118<>""),COUNTIF($R$8:R53,板块数量!$B$2:$B$118),1),0)),"")} | W54: =IF(OR(G54="型材",G54="尼龙"),H54,"-") -> - | X54: =IF(OR(G54="型材",G54="尼龙"),I54,"-") -> - | Y54: =IF(OR(G54="型材",G54="尼龙"),L54,"-") -> - | Z54: =IF(OR(G54="型材",G54="尼龙"),K54,"-") -> - | AA54: =IF(OR(G54="型材",G54="尼龙"),$N$6*O54,"-") -> - | AF54: =IF(OR(G54="型材",G54="尼龙"),H54,"-") -> - | AG54: =IF(OR(G54="型材",G54="尼龙"),I54,"-") -> - | AI54: =IF(OR(G54="型材",G54="尼龙"),L54,"-") -> - | AK54: =IF(OR(G54="型材",G54="尼龙"),$N$6*O54,"-") -> - | AP54: =IF($G54="配件",I54,"-") -> 9527-SYE-GA02（L=200）EPDM发泡 | AQ54: =IF($G54="配件",H54,"-") -> 胶条 | AS54: =IF(OR(H54="泡沫条",H54="胶条"),$N$6*L54*O54/1000,IF(OR(H54="双面贴",H54="胶带"),L54*O54/1000,IF(AP54<>"-",$N$6*O54,"-"))) -> 1.4 | AT54: =IF(OR(H54="胶条",H54="泡沫条",H54="双面贴",H54="胶带"),"米",IF(AP54<>"-",P54,"-")) -> 米 | AY54: =IF($G54="玻璃",$H$7,"-") -> - | AZ54: =IF($G54="玻璃",J54,"-") -> - | BB54: =IF($G54="玻璃",M54,"-") -> - | BC54: =IF($G54="玻璃",L54,"-") -> - | BD54: =IF($G54="玻璃",$N$6*O54,"-") -> - | BE54: =BD54*BC54*BB54/1000000 -> #VALUE! | BF54: =IF($G54="玻璃",K54,"-") -> - | BI54: =IF($G54="铝板",$H$7,"-") -> - | BJ54: =IF($G54="铝板",J54,"-") -> - | BK54: =IF($G54="铝板",H54,"-") -> - | BL54: =IF($G54="铝板",M54,"-") -> - | BM54: =IF($G54="铝板",L54,"-") -> - | BN54: =IF($G54="铝板",$N$6*O54,"-") -> - | BO54: =BN54*BM54*BL54/1000000 -> #VALUE! | BP54: =IF($G54="铝板",K54,"-") -> - | BS54: =IF($G54="铁皮",$H$7,"-") -> - | BT54: =IF($G54="铁皮",J54,"-") -> - | BU54: =IF($G54="铁皮",H54,"-") -> - | BV54: =IF($G54="铁皮",M54,"-") -> - | BW54: =IF($G54="铁皮",L54,"-") -> - | BX54: =IF($G54="铁皮",$N$6*O54,"-") -> - | BY54: =BX54*BW54*BV54/1000000 -> #VALUE! | BZ54: =IF($G54="铁皮",K54,"-") -> - | CC54: =IF(G54="钢材",$H$7,"-") -> - | CD54: =IF(G54="钢材",J54,"-") -> - | CE54: =IF(G54="钢材",H54,"-") -> - | CF54: =IF(G54="钢材",L54,"-") -> - | CH54: =IF(G54="钢材",$N$6*O54,"-") -> - | CJ54: =IF(G54="钢材",K54,"-") -> - | CK54: =IF(G54="钢材",Q54,"-") -> -
B55: =IF(G55<>G54,B54+1,B54) -> 7 | C55: =IF(G55<>G54,1,C54+1) -> 6 | D55: =IF(G55="","",IFERROR(IF(AND(B55<>"",C55<>""),B55&"."&C55,""),"")) -> 7.6 | E55: 47 | F55: 6 | G55: 配件 | H55: 胶条 | I55: 1139-BLGA54 EPDM | L55: 1438 | O55: 3 | P55: 支 | R55: {=IFERROR(INDEX(板块数量!$B$2:$B$118,MATCH(0,IF((板块数量!$A$2:$A$118=$K$5)*(板块数量!$B$2:$B$118<>""),COUNTIF($R$8:R54,板块数量!$B$2:$B$118),1),0)),"")} | W55: =IF(OR(G55="型材",G55="尼龙"),H55,"-") -> - | X55: =IF(OR(G55="型材",G55="尼龙"),I55,"-") -> - | Y55: =IF(OR(G55="型材",G55="尼龙"),L55,"-") -> - | Z55: =IF(OR(G55="型材",G55="尼龙"),K55,"-") -> - | AA55: =IF(OR(G55="型材",G55="尼龙"),$N$6*O55,"-") -> - | AF55: =IF(OR(G55="型材",G55="尼龙"),H55,"-") -> - | AG55: =IF(OR(G55="型材",G55="尼龙"),I55,"-") -> - | AI55: =IF(OR(G55="型材",G55="尼龙"),L55,"-") -> - | AK55: =IF(OR(G55="型材",G55="尼龙"),$N$6*O55,"-") -> - | AP55: =IF($G55="配件",I55,"-") -> 1139-BLGA54 EPDM | AQ55: =IF($G55="配件",H55,"-") -> 胶条 | AS55: =IF(OR(H55="泡沫条",H55="胶条"),$N$6*L55*O55/1000,IF(OR(H55="双面贴",H55="胶带"),L55*O55/1000,IF(AP55<>"-",$N$6*O55,"-"))) -> 30.198 | AT55: =IF(OR(H55="胶条",H55="泡沫条",H55="双面贴",H55="胶带"),"米",IF(AP55<>"-",P55,"-")) -> 米 | AY55: =IF($G55="玻璃",$H$7,"-") -> - | AZ55: =IF($G55="玻璃",J55,"-") -> - | BB55: =IF($G55="玻璃",M55,"-") -> - | BC55: =IF($G55="玻璃",L55,"-") -> - | BD55: =IF($G55="玻璃",$N$6*O55,"-") -> - | BE55: =BD55*BC55*BB55/1000000 -> #VALUE! | BF55: =IF($G55="玻璃",K55,"-") -> - | BI55: =IF($G55="铝板",$H$7,"-") -> - | BJ55: =IF($G55="铝板",J55,"-") -> - | BK55: =IF($G55="铝板",H55,"-") -> - | BL55: =IF($G55="铝板",M55,"-") -> - | BM55: =IF($G55="铝板",L55,"-") -> - | BN55: =IF($G55="铝板",$N$6*O55,"-") -> - | BO55: =BN55*BM55*BL55/1000000 -> #VALUE! | BP55: =IF($G55="铝板",K55,"-") -> - | BS55: =IF($G55="铁皮",$H$7,"-") -> - | BT55: =IF($G55="铁皮",J55,"-") -> - | BU55: =IF($G55="铁皮",H55,"-") -> - | BV55: =IF($G55="铁皮",M55,"-") -> - | BW55: =IF($G55="铁皮",L55,"-") -> - | BX55: =IF($G55="铁皮",$N$6*O55,"-") -> - | BY55: =BX55*BW55*BV55/1000000 -> #VALUE! | BZ55: =IF($G55="铁皮",K55,"-") -> - | CC55: =IF(G55="钢材",$H$7,"-") -> - | CD55: =IF(G55="钢材",J55,"-") -> - | CE55: =IF(G55="钢材",H55,"-") -> - | CF55: =IF(G55="钢材",L55,"-") -> - | CH55: =IF(G55="钢材",$N$6*O55,"-") -> - | CJ55: =IF(G55="钢材",K55,"-") -> - | CK55: =IF(G55="钢材",Q55,"-") -> -
B56: =IF(G56<>G55,B55+1,B55) -> 7 | C56: =IF(G56<>G55,1,C55+1) -> 7 | D56: =IF(G56="","",IFERROR(IF(AND(B56<>"",C56<>""),B56&"."&C56,""),"")) -> 7.7 | E56: 48 | F56: 7 | G56: 配件 | H56: 胶条 | I56: 1139-SM-GA002 硅胶 | L56: 1438 | O56: 1 | P56: 支 | R56: {=IFERROR(INDEX(板块数量!$B$2:$B$118,MATCH(0,IF((板块数量!$A$2:$A$118=$K$5)*(板块数量!$B$2:$B$118<>""),COUNTIF($R$8:R55,板块数量!$B$2:$B$118),1),0)),"")} | W56: =IF(OR(G56="型材",G56="尼龙"),H56,"-") -> - | X56: =IF(OR(G56="型材",G56="尼龙"),I56,"-") -> - | Y56: =IF(OR(G56="型材",G56="尼龙"),L56,"-") -> - | Z56: =IF(OR(G56="型材",G56="尼龙"),K56,"-") -> - | AA56: =IF(OR(G56="型材",G56="尼龙"),$N$6*O56,"-") -> - | AF56: =IF(OR(G56="型材",G56="尼龙"),H56,"-") -> - | AG56: =IF(OR(G56="型材",G56="尼龙"),I56,"-") -> - | AI56: =IF(OR(G56="型材",G56="尼龙"),L56,"-") -> - | AK56: =IF(OR(G56="型材",G56="尼龙"),$N$6*O56,"-") -> - | AP56: =IF($G56="配件",I56,"-") -> 1139-SM-GA002 硅胶 | AQ56: =IF($G56="配件",H56,"-") -> 胶条 | AS56: =IF(OR(H56="泡沫条",H56="胶条"),$N$6*L56*O56/1000,IF(OR(H56="双面贴",H56="胶带"),L56*O56/1000,IF(AP56<>"-",$N$6*O56,"-"))) -> 10.066 | AT56: =IF(OR(H56="胶条",H56="泡沫条",H56="双面贴",H56="胶带"),"米",IF(AP56<>"-",P56,"-")) -> 米 | AY56: =IF($G56="玻璃",$H$7,"-") -> - | AZ56: =IF($G56="玻璃",J56,"-") -> - | BB56: =IF($G56="玻璃",M56,"-") -> - | BC56: =IF($G56="玻璃",L56,"-") -> - | BD56: =IF($G56="玻璃",$N$6*O56,"-") -> - | BE56: =BD56*BC56*BB56/1000000 -> #VALUE! | BF56: =IF($G56="玻璃",K56,"-") -> - | BI56: =IF($G56="铝板",$H$7,"-") -> - | BJ56: =IF($G56="铝板",J56,"-") -> - | BK56: =IF($G56="铝板",H56,"-") -> - | BL56: =IF($G56="铝板",M56,"-") -> - | BM56: =IF($G56="铝板",L56,"-") -> - | BN56: =IF($G56="铝板",$N$6*O56,"-") -> - | BO56: =BN56*BM56*BL56/1000000 -> #VALUE! | BP56: =IF($G56="铝板",K56,"-") -> - | BS56: =IF($G56="铁皮",$H$7,"-") -> - | BT56: =IF($G56="铁皮",J56,"-") -> - | BU56: =IF($G56="铁皮",H56,"-") -> - | BV56: =IF($G56="铁皮",M56,"-") -> - | BW56: =IF($G56="铁皮",L56,"-") -> - | BX56: =IF($G56="铁皮",$N$6*O56,"-") -> - | BY56: =BX56*BW56*BV56/1000000 -> #VALUE! | BZ56: =IF($G56="铁皮",K56,"-") -> - | CC56: =IF(G56="钢材",$H$7,"-") -> - | CD56: =IF(G56="钢材",J56,"-") -> - | CE56: =IF(G56="钢材",H56,"-") -> - | CF56: =IF(G56="钢材",L56,"-") -> - | CH56: =IF(G56="钢材",$N$6*O56,"-") -> - | CJ56: =IF(G56="钢材",K56,"-") -> - | CK56: =IF(G56="钢材",Q56,"-") -> -
B57: =IF(G57<>G56,B56+1,B56) -> 7 | C57: =IF(G57<>G56,1,C56+1) -> 8 | D57: =IF(G57="","",IFERROR(IF(AND(B57<>"",C57<>""),B57&"."&C57,""),"")) -> 7.8 | E57: 49 | F57: 8 | G57: 配件 | H57: 胶条 | I57: 9527-FZ-GA01A 硅胶 | L57: 1438 | O57: 2 | P57: 支 | R57: {=IFERROR(INDEX(板块数量!$B$2:$B$118,MATCH(0,IF((板块数量!$A$2:$A$118=$K$5)*(板块数量!$B$2:$B$118<>""),COUNTIF($R$8:R56,板块数量!$B$2:$B$118),1),0)),"")} | W57: =IF(OR(G57="型材",G57="尼龙"),H57,"-") -> - | X57: =IF(OR(G57="型材",G57="尼龙"),I57,"-") -> - | Y57: =IF(OR(G57="型材",G57="尼龙"),L57,"-") -> - | Z57: =IF(OR(G57="型材",G57="尼龙"),K57,"-") -> - | AA57: =IF(OR(G57="型材",G57="尼龙"),$N$6*O57,"-") -> - | AF57: =IF(OR(G57="型材",G57="尼龙"),H57,"-") -> - | AG57: =IF(OR(G57="型材",G57="尼龙"),I57,"-") -> - | AI57: =IF(OR(G57="型材",G57="尼龙"),L57,"-") -> - | AK57: =IF(OR(G57="型材",G57="尼龙"),$N$6*O57,"-") -> - | AP57: =IF($G57="配件",I57,"-") -> 9527-FZ-GA01A 硅胶 | AQ57: =IF($G57="配件",H57,"-") -> 胶条 | AS57: =IF(OR(H57="泡沫条",H57="胶条"),$N$6*L57*O57/1000,IF(OR(H57="双面贴",H57="胶带"),L57*O57/1000,IF(AP57<>"-",$N$6*O57,"-"))) -> 20.132 | AT57: =IF(OR(H57="胶条",H57="泡沫条",H57="双面贴",H57="胶带"),"米",IF(AP57<>"-",P57,"-")) -> 米 | AY57: =IF($G57="玻璃",$H$7,"-") -> - | AZ57: =IF($G57="玻璃",J57,"-") -> - | BB57: =IF($G57="玻璃",M57,"-") -> - | BC57: =IF($G57="玻璃",L57,"-") -> - | BD57: =IF($G57="玻璃",$N$6*O57,"-") -> - | BE57: =BD57*BC57*BB57/1000000 -> #VALUE! | BF57: =IF($G57="玻璃",K57,"-") -> - | BI57: =IF($G57="铝板",$H$7,"-") -> - | BJ57: =IF($G57="铝板",J57,"-") -> - | BK57: =IF($G57="铝板",H57,"-") -> - | BL57: =IF($G57="铝板",M57,"-") -> - | BM57: =IF($G57="铝板",L57,"-") -> - | BN57: =IF($G57="铝板",$N$6*O57,"-") -> - | BO57: =BN57*BM57*BL57/1000000 -> #VALUE! | BP57: =IF($G57="铝板",K57,"-") -> - | BS57: =IF($G57="铁皮",$H$7,"-") -> - | BT57: =IF($G57="铁皮",J57,"-") -> - | BU57: =IF($G57="铁皮",H57,"-") -> - | BV57: =IF($G57="铁皮",M57,"-") -> - | BW57: =IF($G57="铁皮",L57,"-") -> - | BX57: =IF($G57="铁皮",$N$6*O57,"-") -> - | BY57: =BX57*BW57*BV57/1000000 -> #VALUE! | BZ57: =IF($G57="铁皮",K57,"-") -> - | CC57: =IF(G57="钢材",$H$7,"-") -> - | CD57: =IF(G57="钢材",J57,"-") -> - | CE57: =IF(G57="钢材",H57,"-") -> - | CF57: =IF(G57="钢材",L57,"-") -> - | CH57: =IF(G57="钢材",$N$6*O57,"-") -> - | CJ57: =IF(G57="钢材",K57,"-") -> - | CK57: =IF(G57="钢材",Q57,"-") -> -
B58: =IF(G58<>G57,B57+1,B57) -> 7 | C58: =IF(G58<>G57,1,C57+1) -> 9 | D58: =IF(G58="","",IFERROR(IF(AND(B58<>"",C58<>""),B58&"."&C58,""),"")) -> 7.9 | E58: 50 | F58: 9 | G58: 配件 | H58: 胶条 | I58: 9527-BLGA03 硅胶 | L58: 1438 | O58: 1 | P58: 支 | R58: {=IFERROR(INDEX(板块数量!$B$2:$B$118,MATCH(0,IF((板块数量!$A$2:$A$118=$K$5)*(板块数量!$B$2:$B$118<>""),COUNTIF($R$8:R57,板块数量!$B$2:$B$118),1),0)),"")} | W58: =IF(OR(G58="型材",G58="尼龙"),H58,"-") -> - | X58: =IF(OR(G58="型材",G58="尼龙"),I58,"-") -> - | Y58: =IF(OR(G58="型材",G58="尼龙"),L58,"-") -> - | Z58: =IF(OR(G58="型材",G58="尼龙"),K58,"-") -> - | AA58: =IF(OR(G58="型材",G58="尼龙"),$N$6*O58,"-") -> - | AF58: =IF(OR(G58="型材",G58="尼龙"),H58,"-") -> - | AG58: =IF(OR(G58="型材",G58="尼龙"),I58,"-") -> - | AI58: =IF(OR(G58="型材",G58="尼龙"),L58,"-") -> - | AK58: =IF(OR(G58="型材",G58="尼龙"),$N$6*O58,"-") -> - | AP58: =IF($G58="配件",I58,"-") -> 9527-BLGA03 硅胶 | AQ58: =IF($G58="配件",H58,"-") -> 胶条 | AS58: =IF(OR(H58="泡沫条",H58="胶条"),$N$6*L58*O58/1000,IF(OR(H58="双面贴",H58="胶带"),L58*O58/1000,IF(AP58<>"-",$N$6*O58,"-"))) -> 10.066 | AT58: =IF(OR(H58="胶条",H58="泡沫条",H58="双面贴",H58="胶带"),"米",IF(AP58<>"-",P58,"-")) -> 米 | AY58: =IF($G58="玻璃",$H$7,"-") -> - | AZ58: =IF($G58="玻璃",J58,"-") -> - | BB58: =IF($G58="玻璃",M58,"-") -> - | BC58: =IF($G58="玻璃",L58,"-") -> - | BD58: =IF($G58="玻璃",$N$6*O58,"-") -> - | BE58: =BD58*BC58*BB58/1000000 -> #VALUE! | BF58: =IF($G58="玻璃",K58,"-") -> - | BI58: =IF($G58="铝板",$H$7,"-") -> - | BJ58: =IF($G58="铝板",J58,"-") -> - | BK58: =IF($G58="铝板",H58,"-") -> - | BL58: =IF($G58="铝板",M58,"-") -> - | BM58: =IF($G58="铝板",L58,"-") -> - | BN58: =IF($G58="铝板",$N$6*O58,"-") -> - | BO58: =BN58*BM58*BL58/1000000 -> #VALUE! | BP58: =IF($G58="铝板",K58,"-") -> - | BS58: =IF($G58="铁皮",$H$7,"-") -> - | BT58: =IF($G58="铁皮",J58,"-") -> - | BU58: =IF($G58="铁皮",H58,"-") -> - | BV58: =IF($G58="铁皮",M58,"-") -> - | BW58: =IF($G58="铁皮",L58,"-") -> - | BX58: =IF($G58="铁皮",$N$6*O58,"-") -> - | BY58: =BX58*BW58*BV58/1000000 -> #VALUE! | BZ58: =IF($G58="铁皮",K58,"-") -> - | CC58: =IF(G58="钢材",$H$7,"-") -> - | CD58: =IF(G58="钢材",J58,"-") -> - | CE58: =IF(G58="钢材",H58,"-") -> - | CF58: =IF(G58="钢材",L58,"-") -> - | CH58: =IF(G58="钢材",$N$6*O58,"-") -> - | CJ58: =IF(G58="钢材",K58,"-") -> - | CK58: =IF(G58="钢材",Q58,"-") -> -
B59: =IF(G59<>G58,B58+1,B58) -> 7 | C59: =IF(G59<>G58,1,C58+1) -> 10 | D59: =IF(G59="","",IFERROR(IF(AND(B59<>"",C59<>""),B59&"."&C59,""),"")) -> 7.10 | E59: 51 | F59: 10 | G59: 配件 | H59: 胶条 | I59: 1139-SYE-GA01 EPDM | L59: 1438 | O59: 1 | P59: 支 | R59: {=IFERROR(INDEX(板块数量!$B$2:$B$118,MATCH(0,IF((板块数量!$A$2:$A$118=$K$5)*(板块数量!$B$2:$B$118<>""),COUNTIF($R$8:R58,板块数量!$B$2:$B$118),1),0)),"")} | W59: =IF(OR(G59="型材",G59="尼龙"),H59,"-") -> - | X59: =IF(OR(G59="型材",G59="尼龙"),I59,"-") -> - | Y59: =IF(OR(G59="型材",G59="尼龙"),L59,"-") -> - | Z59: =IF(OR(G59="型材",G59="尼龙"),K59,"-") -> - | AA59: =IF(OR(G59="型材",G59="尼龙"),$N$6*O59,"-") -> - | AF59: =IF(OR(G59="型材",G59="尼龙"),H59,"-") -> - | AG59: =IF(OR(G59="型材",G59="尼龙"),I59,"-") -> - | AI59: =IF(OR(G59="型材",G59="尼龙"),L59,"-") -> - | AK59: =IF(OR(G59="型材",G59="尼龙"),$N$6*O59,"-") -> - | AP59: =IF($G59="配件",I59,"-") -> 1139-SYE-GA01 EPDM | AQ59: =IF($G59="配件",H59,"-") -> 胶条 | AS59: =IF(OR(H59="泡沫条",H59="胶条"),$N$6*L59*O59/1000,IF(OR(H59="双面贴",H59="胶带"),L59*O59/1000,IF(AP59<>"-",$N$6*O59,"-"))) -> 10.066 | AT59: =IF(OR(H59="胶条",H59="泡沫条",H59="双面贴",H59="胶带"),"米",IF(AP59<>"-",P59,"-")) -> 米 | AY59: =IF($G59="玻璃",$H$7,"-") -> - | AZ59: =IF($G59="玻璃",J59,"-") -> - | BB59: =IF($G59="玻璃",M59,"-") -> - | BC59: =IF($G59="玻璃",L59,"-") -> - | BD59: =IF($G59="玻璃",$N$6*O59,"-") -> - | BE59: =BD59*BC59*BB59/1000000 -> #VALUE! | BF59: =IF($G59="玻璃",K59,"-") -> - | BI59: =IF($G59="铝板",$H$7,"-") -> - | BJ59: =IF($G59="铝板",J59,"-") -> - | BK59: =IF($G59="铝板",H59,"-") -> - | BL59: =IF($G59="铝板",M59,"-") -> - | BM59: =IF($G59="铝板",L59,"-") -> - | BN59: =IF($G59="铝板",$N$6*O59,"-") -> - | BO59: =BN59*BM59*BL59/1000000 -> #VALUE! | BP59: =IF($G59="铝板",K59,"-") -> - | BS59: =IF($G59="铁皮",$H$7,"-") -> - | BT59: =IF($G59="铁皮",J59,"-") -> - | BU59: =IF($G59="铁皮",H59,"-") -> - | BV59: =IF($G59="铁皮",M59,"-") -> - | BW59: =IF($G59="铁皮",L59,"-") -> - | BX59: =IF($G59="铁皮",$N$6*O59,"-") -> - | BY59: =BX59*BW59*BV59/1000000 -> #VALUE! | BZ59: =IF($G59="铁皮",K59,"-") -> - | CC59: =IF(G59="钢材",$H$7,"-") -> - | CD59: =IF(G59="钢材",J59,"-") -> - | CE59: =IF(G59="钢材",H59,"-") -> - | CF59: =IF(G59="钢材",L59,"-") -> - | CH59: =IF(G59="钢材",$N$6*O59,"-") -> - | CJ59: =IF(G59="钢材",K59,"-") -> - | CK59: =IF(G59="钢材",Q59,"-") -> -
B60: =IF(G60<>G59,B59+1,B59) -> 7 | C60: =IF(G60<>G59,1,C59+1) -> 11 | D60: =IF(G60="","",IFERROR(IF(AND(B60<>"",C60<>""),B60&"."&C60,""),"")) -> 7.11 | E60: 52 | F60: 11 | G60: 配件 | H60: 垫块 | I60: 200x25x6mm 硅胶 | O60: 4 | P60: 个 | R60: {=IFERROR(INDEX(板块数量!$B$2:$B$118,MATCH(0,IF((板块数量!$A$2:$A$118=$K$5)*(板块数量!$B$2:$B$118<>""),COUNTIF($R$8:R59,板块数量!$B$2:$B$118),1),0)),"")} | W60: =IF(OR(G60="型材",G60="尼龙"),H60,"-") -> - | X60: =IF(OR(G60="型材",G60="尼龙"),I60,"-") -> - | Y60: =IF(OR(G60="型材",G60="尼龙"),L60,"-") -> - | Z60: =IF(OR(G60="型材",G60="尼龙"),K60,"-") -> - | AA60: =IF(OR(G60="型材",G60="尼龙"),$N$6*O60,"-") -> - | AF60: =IF(OR(G60="型材",G60="尼龙"),H60,"-") -> - | AG60: =IF(OR(G60="型材",G60="尼龙"),I60,"-") -> - | AI60: =IF(OR(G60="型材",G60="尼龙"),L60,"-") -> - | AK60: =IF(OR(G60="型材",G60="尼龙"),$N$6*O60,"-") -> - | AP60: =IF($G60="配件",I60,"-") -> 200x25x6mm 硅胶 | AQ60: =IF($G60="配件",H60,"-") -> 垫块 | AS60: =IF(OR(H60="泡沫条",H60="胶条"),$N$6*L60*O60/1000,IF(OR(H60="双面贴",H60="胶带"),L60*O60/1000,IF(AP60<>"-",$N$6*O60,"-"))) -> 28 | AT60: =IF(OR(H60="胶条",H60="泡沫条",H60="双面贴",H60="胶带"),"米",IF(AP60<>"-",P60,"-")) -> 个 | AY60: =IF($G60="玻璃",$H$7,"-") -> - | AZ60: =IF($G60="玻璃",J60,"-") -> - | BB60: =IF($G60="玻璃",M60,"-") -> - | BC60: =IF($G60="玻璃",L60,"-") -> - | BD60: =IF($G60="玻璃",$N$6*O60,"-") -> - | BE60: =BD60*BC60*BB60/1000000 -> #VALUE! | BF60: =IF($G60="玻璃",K60,"-") -> - | BI60: =IF($G60="铝板",$H$7,"-") -> - | BJ60: =IF($G60="铝板",J60,"-") -> - | BK60: =IF($G60="铝板",H60,"-") -> - | BL60: =IF($G60="铝板",M60,"-") -> - | BM60: =IF($G60="铝板",L60,"-") -> - | BN60: =IF($G60="铝板",$N$6*O60,"-") -> - | BO60: =BN60*BM60*BL60/1000000 -> #VALUE! | BP60: =IF($G60="铝板",K60,"-") -> - | BS60: =IF($G60="铁皮",$H$7,"-") -> - | BT60: =IF($G60="铁皮",J60,"-") -> - | BU60: =IF($G60="铁皮",H60,"-") -> - | BV60: =IF($G60="铁皮",M60,"-") -> - | BW60: =IF($G60="铁皮",L60,"-") -> - | BX60: =IF($G60="铁皮",$N$6*O60,"-") -> - | BY60: =BX60*BW60*BV60/1000000 -> #VALUE! | BZ60: =IF($G60="铁皮",K60,"-") -> - | CC60: =IF(G60="钢材",$H$7,"-") -> - | CD60: =IF(G60="钢材",J60,"-") -> - | CE60: =IF(G60="钢材",H60,"-") -> - | CF60: =IF(G60="钢材",L60,"-") -> - | CH60: =IF(G60="钢材",$N$6*O60,"-") -> - | CJ60: =IF(G60="钢材",K60,"-") -> - | CK60: =IF(G60="钢材",Q60,"-") -> -
B61: =IF(G61<>G60,B60+1,B60) -> 7 | C61: =IF(G61<>G60,1,C60+1) -> 12 | D61: =IF(G61="","",IFERROR(IF(AND(B61<>"",C61<>""),B61&"."&C61,""),"")) -> 7.12 | E61: 53 | F61: 12 | G61: 配件 | H61: 垫块 | I61: 17x1mm EPDM | L61: 1326 | O61: 1 | P61: 个 | R61: {=IFERROR(INDEX(板块数量!$B$2:$B$118,MATCH(0,IF((板块数量!$A$2:$A$118=$K$5)*(板块数量!$B$2:$B$118<>""),COUNTIF($R$8:R60,板块数量!$B$2:$B$118),1),0)),"")} | W61: =IF(OR(G61="型材",G61="尼龙"),H61,"-") -> - | X61: =IF(OR(G61="型材",G61="尼龙"),I61,"-") -> - | Y61: =IF(OR(G61="型材",G61="尼龙"),L61,"-") -> - | Z61: =IF(OR(G61="型材",G61="尼龙"),K61,"-") -> - | AA61: =IF(OR(G61="型材",G61="尼龙"),$N$6*O61,"-") -> - | AF61: =IF(OR(G61="型材",G61="尼龙"),H61,"-") -> - | AG61: =IF(OR(G61="型材",G61="尼龙"),I61,"-") -> - | AI61: =IF(OR(G61="型材",G61="尼龙"),L61,"-") -> - | AK61: =IF(OR(G61="型材",G61="尼龙"),$N$6*O61,"-") -> - | AP61: =IF($G61="配件",I61,"-") -> 17x1mm EPDM | AQ61: =IF($G61="配件",H61,"-") -> 垫块 | AS61: =IF(OR(H61="泡沫条",H61="胶条"),$N$6*L61*O61/1000,IF(OR(H61="双面贴",H61="胶带"),L61*O61/1000,IF(AP61<>"-",$N$6*O61,"-"))) -> 7 | AT61: =IF(OR(H61="胶条",H61="泡沫条",H61="双面贴",H61="胶带"),"米",IF(AP61<>"-",P61,"-")) -> 个 | AY61: =IF($G61="玻璃",$H$7,"-") -> - | AZ61: =IF($G61="玻璃",J61,"-") -> - | BB61: =IF($G61="玻璃",M61,"-") -> - | BC61: =IF($G61="玻璃",L61,"-") -> - | BD61: =IF($G61="玻璃",$N$6*O61,"-") -> - | BE61: =BD61*BC61*BB61/1000000 -> #VALUE! | BF61: =IF($G61="玻璃",K61,"-") -> - | BI61: =IF($G61="铝板",$H$7,"-") -> - | BJ61: =IF($G61="铝板",J61,"-") -> - | BK61: =IF($G61="铝板",H61,"-") -> - | BL61: =IF($G61="铝板",M61,"-") -> - | BM61: =IF($G61="铝板",L61,"-") -> - | BN61: =IF($G61="铝板",$N$6*O61,"-") -> - | BO61: =BN61*BM61*BL61/1000000 -> #VALUE! | BP61: =IF($G61="铝板",K61,"-") -> - | BS61: =IF($G61="铁皮",$H$7,"-") -> - | BT61: =IF($G61="铁皮",J61,"-") -> - | BU61: =IF($G61="铁皮",H61,"-") -> - | BV61: =IF($G61="铁皮",M61,"-") -> - | BW61: =IF($G61="铁皮",L61,"-") -> - | BX61: =IF($G61="铁皮",$N$6*O61,"-") -> - | BY61: =BX61*BW61*BV61/1000000 -> #VALUE! | BZ61: =IF($G61="铁皮",K61,"-") -> - | CC61: =IF(G61="钢材",$H$7,"-") -> - | CD61: =IF(G61="钢材",J61,"-") -> - | CE61: =IF(G61="钢材",H61,"-") -> - | CF61: =IF(G61="钢材",L61,"-") -> - | CH61: =IF(G61="钢材",$N$6*O61,"-") -> - | CJ61: =IF(G61="钢材",K61,"-") -> - | CK61: =IF(G61="钢材",Q61,"-") -> -
B62: =IF(G62<>G61,B61+1,B61) -> 7 | C62: =IF(G62<>G61,1,C61+1) -> 13 | D62: =IF(G62="","",IFERROR(IF(AND(B62<>"",C62<>""),B62&"."&C62,""),"")) -> 7.13 | E62: 54 | F62: 13 | G62: 配件 | H62: 垫块 | I62: 53x1mm EPDM | L62: 1326 | O62: 1 | P62: 个 | R62: {=IFERROR(INDEX(板块数量!$B$2:$B$118,MATCH(0,IF((板块数量!$A$2:$A$118=$K$5)*(板块数量!$B$2:$B$118<>""),COUNTIF($R$8:R61,板块数量!$B$2:$B$118),1),0)),"")} | W62: =IF(OR(G62="型材",G62="尼龙"),H62,"-") -> - | X62: =IF(OR(G62="型材",G62="尼龙"),I62,"-") -> - | Y62: =IF(OR(G62="型材",G62="尼龙"),L62,"-") -> - | Z62: =IF(OR(G62="型材",G62="尼龙"),K62,"-") -> - | AA62: =IF(OR(G62="型材",G62="尼龙"),$N$6*O62,"-") -> - | AF62: =IF(OR(G62="型材",G62="尼龙"),H62,"-") -> - | AG62: =IF(OR(G62="型材",G62="尼龙"),I62,"-") -> - | AI62: =IF(OR(G62="型材",G62="尼龙"),L62,"-") -> - | AK62: =IF(OR(G62="型材",G62="尼龙"),$N$6*O62,"-") -> - | AP62: =IF($G62="配件",I62,"-") -> 53x1mm EPDM | AQ62: =IF($G62="配件",H62,"-") -> 垫块 | AS62: =IF(OR(H62="泡沫条",H62="胶条"),$N$6*L62*O62/1000,IF(OR(H62="双面贴",H62="胶带"),L62*O62/1000,IF(AP62<>"-",$N$6*O62,"-"))) -> 7 | AT62: =IF(OR(H62="胶条",H62="泡沫条",H62="双面贴",H62="胶带"),"米",IF(AP62<>"-",P62,"-")) -> 个 | AY62: =IF($G62="玻璃",$H$7,"-") -> - | AZ62: =IF($G62="玻璃",J62,"-") -> - | BB62: =IF($G62="玻璃",M62,"-") -> - | BC62: =IF($G62="玻璃",L62,"-") -> - | BD62: =IF($G62="玻璃",$N$6*O62,"-") -> - | BE62: =BD62*BC62*BB62/1000000 -> #VALUE! | BF62: =IF($G62="玻璃",K62,"-") -> - | BI62: =IF($G62="铝板",$H$7,"-") -> - | BJ62: =IF($G62="铝板",J62,"-") -> - | BK62: =IF($G62="铝板",H62,"-") -> - | BL62: =IF($G62="铝板",M62,"-") -> - | BM62: =IF($G62="铝板",L62,"-") -> - | BN62: =IF($G62="铝板",$N$6*O62,"-") -> - | BO62: =BN62*BM62*BL62/1000000 -> #VALUE! | BP62: =IF($G62="铝板",K62,"-") -> - | BS62: =IF($G62="铁皮",$H$7,"-") -> - | BT62: =IF($G62="铁皮",J62,"-") -> - | BU62: =IF($G62="铁皮",H62,"-") -> - | BV62: =IF($G62="铁皮",M62,"-") -> - | BW62: =IF($G62="铁皮",L62,"-") -> - | BX62: =IF($G62="铁皮",$N$6*O62,"-") -> - | BY62: =BX62*BW62*BV62/1000000 -> #VALUE! | BZ62: =IF($G62="铁皮",K62,"-") -> - | CC62: =IF(G62="钢材",$H$7,"-") -> - | CD62: =IF(G62="钢材",J62,"-") -> - | CE62: =IF(G62="钢材",H62,"-") -> - | CF62: =IF(G62="钢材",L62,"-") -> - | CH62: =IF(G62="钢材",$N$6*O62,"-") -> - | CJ62: =IF(G62="钢材",K62,"-") -> - | CK62: =IF(G62="钢材",Q62,"-") -> -
B63: =IF(G63<>G62,B62+1,B62) -> 7 | C63: =IF(G63<>G62,1,C62+1) -> 14 | D63: =IF(G63="","",IFERROR(IF(AND(B63<>"",C63<>""),B63&"."&C63,""),"")) -> 7.14 | E63: 55 | F63: 14 | G63: 配件 | H63: 垫块 | I63: 17x1mm EPDM | L63: 1729 | O63: 2 | P63: 个 | R63: {=IFERROR(INDEX(板块数量!$B$2:$B$118,MATCH(0,IF((板块数量!$A$2:$A$118=$K$5)*(板块数量!$B$2:$B$118<>""),COUNTIF($R$8:R62,板块数量!$B$2:$B$118),1),0)),"")} | W63: =IF(OR(G63="型材",G63="尼龙"),H63,"-") -> - | X63: =IF(OR(G63="型材",G63="尼龙"),I63,"-") -> - | Y63: =IF(OR(G63="型材",G63="尼龙"),L63,"-") -> - | Z63: =IF(OR(G63="型材",G63="尼龙"),K63,"-") -> - | AA63: =IF(OR(G63="型材",G63="尼龙"),$N$6*O63,"-") -> - | AF63: =IF(OR(G63="型材",G63="尼龙"),H63,"-") -> - | AG63: =IF(OR(G63="型材",G63="尼龙"),I63,"-") -> - | AI63: =IF(OR(G63="型材",G63="尼龙"),L63,"-") -> - | AK63: =IF(OR(G63="型材",G63="尼龙"),$N$6*O63,"-") -> - | AP63: =IF($G63="配件",I63,"-") -> 17x1mm EPDM | AQ63: =IF($G63="配件",H63,"-") -> 垫块 | AS63: =IF(OR(H63="泡沫条",H63="胶条"),$N$6*L63*O63/1000,IF(OR(H63="双面贴",H63="胶带"),L63*O63/1000,IF(AP63<>"-",$N$6*O63,"-"))) -> 14 | AT63: =IF(OR(H63="胶条",H63="泡沫条",H63="双面贴",H63="胶带"),"米",IF(AP63<>"-",P63,"-")) -> 个 | AY63: =IF($G63="玻璃",$H$7,"-") -> - | AZ63: =IF($G63="玻璃",J63,"-") -> - | BB63: =IF($G63="玻璃",M63,"-") -> - | BC63: =IF($G63="玻璃",L63,"-") -> - | BD63: =IF($G63="玻璃",$N$6*O63,"-") -> - | BE63: =BD63*BC63*BB63/1000000 -> #VALUE! | BF63: =IF($G63="玻璃",K63,"-") -> - | BI63: =IF($G63="铝板",$H$7,"-") -> - | BJ63: =IF($G63="铝板",J63,"-") -> - | BK63: =IF($G63="铝板",H63,"-") -> - | BL63: =IF($G63="铝板",M63,"-") -> - | BM63: =IF($G63="铝板",L63,"-") -> - | BN63: =IF($G63="铝板",$N$6*O63,"-") -> - | BO63: =BN63*BM63*BL63/1000000 -> #VALUE! | BP63: =IF($G63="铝板",K63,"-") -> - | BS63: =IF($G63="铁皮",$H$7,"-") -> - | BT63: =IF($G63="铁皮",J63,"-") -> - | BU63: =IF($G63="铁皮",H63,"-") -> - | BV63: =IF($G63="铁皮",M63,"-") -> - | BW63: =IF($G63="铁皮",L63,"-") -> - | BX63: =IF($G63="铁皮",$N$6*O63,"-") -> - | BY63: =BX63*BW63*BV63/1000000 -> #VALUE! | BZ63: =IF($G63="铁皮",K63,"-") -> - | CC63: =IF(G63="钢材",$H$7,"-") -> - | CD63: =IF(G63="钢材",J63,"-") -> - | CE63: =IF(G63="钢材",H63,"-") -> - | CF63: =IF(G63="钢材",L63,"-") -> - | CH63: =IF(G63="钢材",$N$6*O63,"-") -> - | CJ63: =IF(G63="钢材",K63,"-") -> - | CK63: =IF(G63="钢材",Q63,"-") -> -
B64: =IF(G64<>G63,B63+1,B63) -> 7 | C64: =IF(G64<>G63,1,C63+1) -> 15 | D64: =IF(G64="","",IFERROR(IF(AND(B64<>"",C64<>""),B64&"."&C64,""),"")) -> 7.15 | E64: 56 | F64: 15 | G64: 配件 | H64: 胶条 | I64: 9527-SYE-GA12（L=200）EPDM发泡 | L64: 200 | O64: 1 | P64: 支 | R64: {=IFERROR(INDEX(板块数量!$B$2:$B$118,MATCH(0,IF((板块数量!$A$2:$A$118=$K$5)*(板块数量!$B$2:$B$118<>""),COUNTIF($R$8:R63,板块数量!$B$2:$B$118),1),0)),"")} | W64: =IF(OR(G64="型材",G64="尼龙"),H64,"-") -> - | X64: =IF(OR(G64="型材",G64="尼龙"),I64,"-") -> - | Y64: =IF(OR(G64="型材",G64="尼龙"),L64,"-") -> - | Z64: =IF(OR(G64="型材",G64="尼龙"),K64,"-") -> - | AA64: =IF(OR(G64="型材",G64="尼龙"),$N$6*O64,"-") -> - | AF64: =IF(OR(G64="型材",G64="尼龙"),H64,"-") -> - | AG64: =IF(OR(G64="型材",G64="尼龙"),I64,"-") -> - | AI64: =IF(OR(G64="型材",G64="尼龙"),L64,"-") -> - | AK64: =IF(OR(G64="型材",G64="尼龙"),$N$6*O64,"-") -> - | AP64: =IF($G64="配件",I64,"-") -> 9527-SYE-GA12（L=200）EPDM发泡 | AQ64: =IF($G64="配件",H64,"-") -> 胶条 | AS64: =IF(OR(H64="泡沫条",H64="胶条"),$N$6*L64*O64/1000,IF(OR(H64="双面贴",H64="胶带"),L64*O64/1000,IF(AP64<>"-",$N$6*O64,"-"))) -> 1.4 | AT64: =IF(OR(H64="胶条",H64="泡沫条",H64="双面贴",H64="胶带"),"米",IF(AP64<>"-",P64,"-")) -> 米 | AY64: =IF($G64="玻璃",$H$7,"-") -> - | AZ64: =IF($G64="玻璃",J64,"-") -> - | BB64: =IF($G64="玻璃",M64,"-") -> - | BC64: =IF($G64="玻璃",L64,"-") -> - | BD64: =IF($G64="玻璃",$N$6*O64,"-") -> - | BE64: =BD64*BC64*BB64/1000000 -> #VALUE! | BF64: =IF($G64="玻璃",K64,"-") -> - | BI64: =IF($G64="铝板",$H$7,"-") -> - | BJ64: =IF($G64="铝板",J64,"-") -> - | BK64: =IF($G64="铝板",H64,"-") -> - | BL64: =IF($G64="铝板",M64,"-") -> - | BM64: =IF($G64="铝板",L64,"-") -> - | BN64: =IF($G64="铝板",$N$6*O64,"-") -> - | BO64: =BN64*BM64*BL64/1000000 -> #VALUE! | BP64: =IF($G64="铝板",K64,"-") -> - | BS64: =IF($G64="铁皮",$H$7,"-") -> - | BT64: =IF($G64="铁皮",J64,"-") -> - | BU64: =IF($G64="铁皮",H64,"-") -> - | BV64: =IF($G64="铁皮",M64,"-") -> - | BW64: =IF($G64="铁皮",L64,"-") -> - | BX64: =IF($G64="铁皮",$N$6*O64,"-") -> - | BY64: =BX64*BW64*BV64/1000000 -> #VALUE! | BZ64: =IF($G64="铁皮",K64,"-") -> - | CC64: =IF(G64="钢材",$H$7,"-") -> - | CD64: =IF(G64="钢材",J64,"-") -> - | CE64: =IF(G64="钢材",H64,"-") -> - | CF64: =IF(G64="钢材",L64,"-") -> - | CH64: =IF(G64="钢材",$N$6*O64,"-") -> - | CJ64: =IF(G64="钢材",K64,"-") -> - | CK64: =IF(G64="钢材",Q64,"-") -> -
B65: =IF(G65<>G64,B64+1,B64) -> 7 | C65: =IF(G65<>G64,1,C64+1) -> 16 | D65: =IF(G65="","",IFERROR(IF(AND(B65<>"",C65<>""),B65&"."&C65,""),"")) -> 7.16 | E65: 57 | F65: 16 | G65: 配件 | H65: 紧固件 | I65: ST4.8x16盘头自攻钉 | O65: 50 | P65: 颗 | R65: {=IFERROR(INDEX(板块数量!$B$2:$B$118,MATCH(0,IF((板块数量!$A$2:$A$118=$K$5)*(板块数量!$B$2:$B$118<>""),COUNTIF($R$8:R64,板块数量!$B$2:$B$118),1),0)),"")} | W65: =IF(OR(G65="型材",G65="尼龙"),H65,"-") -> - | X65: =IF(OR(G65="型材",G65="尼龙"),I65,"-") -> - | Y65: =IF(OR(G65="型材",G65="尼龙"),L65,"-") -> - | Z65: =IF(OR(G65="型材",G65="尼龙"),K65,"-") -> - | AA65: =IF(OR(G65="型材",G65="尼龙"),$N$6*O65,"-") -> - | AF65: =IF(OR(G65="型材",G65="尼龙"),H65,"-") -> - | AG65: =IF(OR(G65="型材",G65="尼龙"),I65,"-") -> - | AI65: =IF(OR(G65="型材",G65="尼龙"),L65,"-") -> - | AK65: =IF(OR(G65="型材",G65="尼龙"),$N$6*O65,"-") -> - | AP65: =IF($G65="配件",I65,"-") -> ST4.8x16盘头自攻钉 | AQ65: =IF($G65="配件",H65,"-") -> 紧固件 | AS65: =IF(OR(H65="泡沫条",H65="胶条"),$N$6*L65*O65/1000,IF(OR(H65="双面贴",H65="胶带"),L65*O65/1000,IF(AP65<>"-",$N$6*O65,"-"))) -> 350 | AT65: =IF(OR(H65="胶条",H65="泡沫条",H65="双面贴",H65="胶带"),"米",IF(AP65<>"-",P65,"-")) -> 颗 | AY65: =IF($G65="玻璃",$H$7,"-") -> - | AZ65: =IF($G65="玻璃",J65,"-") -> - | BB65: =IF($G65="玻璃",M65,"-") -> - | BC65: =IF($G65="玻璃",L65,"-") -> - | BD65: =IF($G65="玻璃",$N$6*O65,"-") -> - | BE65: =BD65*BC65*BB65/1000000 -> #VALUE! | BF65: =IF($G65="玻璃",K65,"-") -> - | BI65: =IF($G65="铝板",$H$7,"-") -> - | BJ65: =IF($G65="铝板",J65,"-") -> - | BK65: =IF($G65="铝板",H65,"-") -> - | BL65: =IF($G65="铝板",M65,"-") -> - | BM65: =IF($G65="铝板",L65,"-") -> - | BN65: =IF($G65="铝板",$N$6*O65,"-") -> - | BO65: =BN65*BM65*BL65/1000000 -> #VALUE! | BP65: =IF($G65="铝板",K65,"-") -> - | BS65: =IF($G65="铁皮",$H$7,"-") -> - | BT65: =IF($G65="铁皮",J65,"-") -> - | BU65: =IF($G65="铁皮",H65,"-") -> - | BV65: =IF($G65="铁皮",M65,"-") -> - | BW65: =IF($G65="铁皮",L65,"-") -> - | BX65: =IF($G65="铁皮",$N$6*O65,"-") -> - | BY65: =BX65*BW65*BV65/1000000 -> #VALUE! | BZ65: =IF($G65="铁皮",K65,"-") -> - | CC65: =IF(G65="钢材",$H$7,"-") -> - | CD65: =IF(G65="钢材",J65,"-") -> - | CE65: =IF(G65="钢材",H65,"-") -> - | CF65: =IF(G65="钢材",L65,"-") -> - | CH65: =IF(G65="钢材",$N$6*O65,"-") -> - | CJ65: =IF(G65="钢材",K65,"-") -> - | CK65: =IF(G65="钢材",Q65,"-") -> -
B66: =IF(G66<>G65,B65+1,B65) -> 7 | C66: =IF(G66<>G65,1,C65+1) -> 17 | D66: =IF(G66="","",IFERROR(IF(AND(B66<>"",C66<>""),B66&"."&C66,""),"")) -> 7.17 | E66: 58 | F66: 17 | G66: 配件 | H66: 紧固件 | I66: ST6.3x38盘头自攻钉 | O66: 28 | P66: 颗 | R66: {=IFERROR(INDEX(板块数量!$B$2:$B$118,MATCH(0,IF((板块数量!$A$2:$A$118=$K$5)*(板块数量!$B$2:$B$118<>""),COUNTIF($R$8:R65,板块数量!$B$2:$B$118),1),0)),"")} | W66: =IF(OR(G66="型材",G66="尼龙"),H66,"-") -> - | X66: =IF(OR(G66="型材",G66="尼龙"),I66,"-") -> - | Y66: =IF(OR(G66="型材",G66="尼龙"),L66,"-") -> - | Z66: =IF(OR(G66="型材",G66="尼龙"),K66,"-") -> - | AA66: =IF(OR(G66="型材",G66="尼龙"),$N$6*O66,"-") -> - | AF66: =IF(OR(G66="型材",G66="尼龙"),H66,"-") -> - | AG66: =IF(OR(G66="型材",G66="尼龙"),I66,"-") -> - | AI66: =IF(OR(G66="型材",G66="尼龙"),L66,"-") -> - | AK66: =IF(OR(G66="型材",G66="尼龙"),$N$6*O66,"-") -> - | AP66: =IF($G66="配件",I66,"-") -> ST6.3x38盘头自攻钉 | AQ66: =IF($G66="配件",H66,"-") -> 紧固件 | AS66: =IF(OR(H66="泡沫条",H66="胶条"),$N$6*L66*O66/1000,IF(OR(H66="双面贴",H66="胶带"),L66*O66/1000,IF(AP66<>"-",$N$6*O66,"-"))) -> 196 | AT66: =IF(OR(H66="胶条",H66="泡沫条",H66="双面贴",H66="胶带"),"米",IF(AP66<>"-",P66,"-")) -> 颗 | AY66: =IF($G66="玻璃",$H$7,"-") -> - | AZ66: =IF($G66="玻璃",J66,"-") -> - | BB66: =IF($G66="玻璃",M66,"-") -> - | BC66: =IF($G66="玻璃",L66,"-") -> - | BD66: =IF($G66="玻璃",$N$6*O66,"-") -> - | BE66: =BD66*BC66*BB66/1000000 -> #VALUE! | BF66: =IF($G66="玻璃",K66,"-") -> - | BI66: =IF($G66="铝板",$H$7,"-") -> - | BJ66: =IF($G66="铝板",J66,"-") -> - | BK66: =IF($G66="铝板",H66,"-") -> - | BL66: =IF($G66="铝板",M66,"-") -> - | BM66: =IF($G66="铝板",L66,"-") -> - | BN66: =IF($G66="铝板",$N$6*O66,"-") -> - | BO66: =BN66*BM66*BL66/1000000 -> #VALUE! | BP66: =IF($G66="铝板",K66,"-") -> - | BS66: =IF($G66="铁皮",$H$7,"-") -> - | BT66: =IF($G66="铁皮",J66,"-") -> - | BU66: =IF($G66="铁皮",H66,"-") -> - | BV66: =IF($G66="铁皮",M66,"-") -> - | BW66: =IF($G66="铁皮",L66,"-") -> - | BX66: =IF($G66="铁皮",$N$6*O66,"-") -> - | BY66: =BX66*BW66*BV66/1000000 -> #VALUE! | BZ66: =IF($G66="铁皮",K66,"-") -> - | CC66: =IF(G66="钢材",$H$7,"-") -> - | CD66: =IF(G66="钢材",J66,"-") -> - | CE66: =IF(G66="钢材",H66,"-") -> - | CF66: =IF(G66="钢材",L66,"-") -> - | CH66: =IF(G66="钢材",$N$6*O66,"-") -> - | CJ66: =IF(G66="钢材",K66,"-") -> - | CK66: =IF(G66="钢材",Q66,"-") -> -
B67: =IF(G67<>G66,B66+1,B66) -> 7 | C67: =IF(G67<>G66,1,C66+1) -> 18 | D67: =IF(G67="","",IFERROR(IF(AND(B67<>"",C67<>""),B67&"."&C67,""),"")) -> 7.18 | E67: 59 | F67: 18 | G67: 配件 | H67: 紧固件 | I67: ST5.5x64盘头自攻钉 | O67: 2 | P67: 颗 | R67: {=IFERROR(INDEX(板块数量!$B$2:$B$118,MATCH(0,IF((板块数量!$A$2:$A$118=$K$5)*(板块数量!$B$2:$B$118<>""),COUNTIF($R$8:R66,板块数量!$B$2:$B$118),1),0)),"")} | W67: =IF(OR(G67="型材",G67="尼龙"),H67,"-") -> - | X67: =IF(OR(G67="型材",G67="尼龙"),I67,"-") -> - | Y67: =IF(OR(G67="型材",G67="尼龙"),L67,"-") -> - | Z67: =IF(OR(G67="型材",G67="尼龙"),K67,"-") -> - | AA67: =IF(OR(G67="型材",G67="尼龙"),$N$6*O67,"-") -> - | AF67: =IF(OR(G67="型材",G67="尼龙"),H67,"-") -> - | AG67: =IF(OR(G67="型材",G67="尼龙"),I67,"-") -> - | AI67: =IF(OR(G67="型材",G67="尼龙"),L67,"-") -> - | AK67: =IF(OR(G67="型材",G67="尼龙"),$N$6*O67,"-") -> - | AP67: =IF($G67="配件",I67,"-") -> ST5.5x64盘头自攻钉 | AQ67: =IF($G67="配件",H67,"-") -> 紧固件 | AS67: =IF(OR(H67="泡沫条",H67="胶条"),$N$6*L67*O67/1000,IF(OR(H67="双面贴",H67="胶带"),L67*O67/1000,IF(AP67<>"-",$N$6*O67,"-"))) -> 14 | AT67: =IF(OR(H67="胶条",H67="泡沫条",H67="双面贴",H67="胶带"),"米",IF(AP67<>"-",P67,"-")) -> 颗 | AY67: =IF($G67="玻璃",$H$7,"-") -> - | AZ67: =IF($G67="玻璃",J67,"-") -> - | BB67: =IF($G67="玻璃",M67,"-") -> - | BC67: =IF($G67="玻璃",L67,"-") -> - | BD67: =IF($G67="玻璃",$N$6*O67,"-") -> - | BE67: =BD67*BC67*BB67/1000000 -> #VALUE! | BF67: =IF($G67="玻璃",K67,"-") -> - | BI67: =IF($G67="铝板",$H$7,"-") -> - | BJ67: =IF($G67="铝板",J67,"-") -> - | BK67: =IF($G67="铝板",H67,"-") -> - | BL67: =IF($G67="铝板",M67,"-") -> - | BM67: =IF($G67="铝板",L67,"-") -> - | BN67: =IF($G67="铝板",$N$6*O67,"-") -> - | BO67: =BN67*BM67*BL67/1000000 -> #VALUE! | BP67: =IF($G67="铝板",K67,"-") -> - | BS67: =IF($G67="铁皮",$H$7,"-") -> - | BT67: =IF($G67="铁皮",J67,"-") -> - | BU67: =IF($G67="铁皮",H67,"-") -> - | BV67: =IF($G67="铁皮",M67,"-") -> - | BW67: =IF($G67="铁皮",L67,"-") -> - | BX67: =IF($G67="铁皮",$N$6*O67,"-") -> - | BY67: =BX67*BW67*BV67/1000000 -> #VALUE! | BZ67: =IF($G67="铁皮",K67,"-") -> - | CC67: =IF(G67="钢材",$H$7,"-") -> - | CD67: =IF(G67="钢材",J67,"-") -> - | CE67: =IF(G67="钢材",H67,"-") -> - | CF67: =IF(G67="钢材",L67,"-") -> - | CH67: =IF(G67="钢材",$N$6*O67,"-") -> - | CJ67: =IF(G67="钢材",K67,"-") -> - | CK67: =IF(G67="钢材",Q67,"-") -> -
B68: =IF(G68<>G67,B67+1,B67) -> 7 | C68: =IF(G68<>G67,1,C67+1) -> 19 | D68: =IF(G68="","",IFERROR(IF(AND(B68<>"",C68<>""),B68&"."&C68,""),"")) -> 7.19 | E68: 60 | F68: 19 | G68: 配件 | H68: 紧固件 | I68: M12x30内六角头螺杆 | O68: 2 | P68: 颗 | R68: {=IFERROR(INDEX(板块数量!$B$2:$B$118,MATCH(0,IF((板块数量!$A$2:$A$118=$K$5)*(板块数量!$B$2:$B$118<>""),COUNTIF($R$8:R67,板块数量!$B$2:$B$118),1),0)),"")} | W68: =IF(OR(G68="型材",G68="尼龙"),H68,"-") -> - | X68: =IF(OR(G68="型材",G68="尼龙"),I68,"-") -> - | Y68: =IF(OR(G68="型材",G68="尼龙"),L68,"-") -> - | Z68: =IF(OR(G68="型材",G68="尼龙"),K68,"-") -> - | AA68: =IF(OR(G68="型材",G68="尼龙"),$N$6*O68,"-") -> - | AF68: =IF(OR(G68="型材",G68="尼龙"),H68,"-") -> - | AG68: =IF(OR(G68="型材",G68="尼龙"),I68,"-") -> - | AI68: =IF(OR(G68="型材",G68="尼龙"),L68,"-") -> - | AK68: =IF(OR(G68="型材",G68="尼龙"),$N$6*O68,"-") -> - | AP68: =IF($G68="配件",I68,"-") -> M12x30内六角头螺杆 | AQ68: =IF($G68="配件",H68,"-") -> 紧固件 | AS68: =IF(OR(H68="泡沫条",H68="胶条"),$N$6*L68*O68/1000,IF(OR(H68="双面贴",H68="胶带"),L68*O68/1000,IF(AP68<>"-",$N$6*O68,"-"))) -> 14 | AT68: =IF(OR(H68="胶条",H68="泡沫条",H68="双面贴",H68="胶带"),"米",IF(AP68<>"-",P68,"-")) -> 颗 | AY68: =IF($G68="玻璃",$H$7,"-") -> - | AZ68: =IF($G68="玻璃",J68,"-") -> - | BB68: =IF($G68="玻璃",M68,"-") -> - | BC68: =IF($G68="玻璃",L68,"-") -> - | BD68: =IF($G68="玻璃",$N$6*O68,"-") -> - | BE68: =BD68*BC68*BB68/1000000 -> #VALUE! | BF68: =IF($G68="玻璃",K68,"-") -> - | BI68: =IF($G68="铝板",$H$7,"-") -> - | BJ68: =IF($G68="铝板",J68,"-") -> - | BK68: =IF($G68="铝板",H68,"-") -> - | BL68: =IF($G68="铝板",M68,"-") -> - | BM68: =IF($G68="铝板",L68,"-") -> - | BN68: =IF($G68="铝板",$N$6*O68,"-") -> - | BO68: =BN68*BM68*BL68/1000000 -> #VALUE! | BP68: =IF($G68="铝板",K68,"-") -> - | BS68: =IF($G68="铁皮",$H$7,"-") -> - | BT68: =IF($G68="铁皮",J68,"-") -> - | BU68: =IF($G68="铁皮",H68,"-") -> - | BV68: =IF($G68="铁皮",M68,"-") -> - | BW68: =IF($G68="铁皮",L68,"-") -> - | BX68: =IF($G68="铁皮",$N$6*O68,"-") -> - | BY68: =BX68*BW68*BV68/1000000 -> #VALUE! | BZ68: =IF($G68="铁皮",K68,"-") -> - | CC68: =IF(G68="钢材",$H$7,"-") -> - | CD68: =IF(G68="钢材",J68,"-") -> - | CE68: =IF(G68="钢材",H68,"-") -> - | CF68: =IF(G68="钢材",L68,"-") -> - | CH68: =IF(G68="钢材",$N$6*O68,"-") -> - | CJ68: =IF(G68="钢材",K68,"-") -> - | CK68: =IF(G68="钢材",Q68,"-") -> -
B69: =IF(G69<>G68,B68+1,B68) -> 7 | C69: =IF(G69<>G68,1,C68+1) -> 20 | D69: =IF(G69="","",IFERROR(IF(AND(B69<>"",C69<>""),B69&"."&C69,""),"")) -> 7.20 | E69: 61 | F69: 20 | G69: 配件 | H69: 紧固件 | I69: ST4.2x16盘头自攻钉 | O69: 2 | P69: 颗 | R69: {=IFERROR(INDEX(板块数量!$B$2:$B$118,MATCH(0,IF((板块数量!$A$2:$A$118=$K$5)*(板块数量!$B$2:$B$118<>""),COUNTIF($R$8:R68,板块数量!$B$2:$B$118),1),0)),"")} | W69: =IF(OR(G69="型材",G69="尼龙"),H69,"-") -> - | X69: =IF(OR(G69="型材",G69="尼龙"),I69,"-") -> - | Y69: =IF(OR(G69="型材",G69="尼龙"),L69,"-") -> - | Z69: =IF(OR(G69="型材",G69="尼龙"),K69,"-") -> - | AA69: =IF(OR(G69="型材",G69="尼龙"),$N$6*O69,"-") -> - | AF69: =IF(OR(G69="型材",G69="尼龙"),H69,"-") -> - | AG69: =IF(OR(G69="型材",G69="尼龙"),I69,"-") -> - | AI69: =IF(OR(G69="型材",G69="尼龙"),L69,"-") -> - | AK69: =IF(OR(G69="型材",G69="尼龙"),$N$6*O69,"-") -> - | AP69: =IF($G69="配件",I69,"-") -> ST4.2x16盘头自攻钉 | AQ69: =IF($G69="配件",H69,"-") -> 紧固件 | AS69: =IF(OR(H69="泡沫条",H69="胶条"),$N$6*L69*O69/1000,IF(OR(H69="双面贴",H69="胶带"),L69*O69/1000,IF(AP69<>"-",$N$6*O69,"-"))) -> 14 | AT69: =IF(OR(H69="胶条",H69="泡沫条",H69="双面贴",H69="胶带"),"米",IF(AP69<>"-",P69,"-")) -> 颗 | AY69: =IF($G69="玻璃",$H$7,"-") -> - | AZ69: =IF($G69="玻璃",J69,"-") -> - | BB69: =IF($G69="玻璃",M69,"-") -> - | BC69: =IF($G69="玻璃",L69,"-") -> - | BD69: =IF($G69="玻璃",$N$6*O69,"-") -> - | BE69: =BD69*BC69*BB69/1000000 -> #VALUE! | BF69: =IF($G69="玻璃",K69,"-") -> - | BI69: =IF($G69="铝板",$H$7,"-") -> - | BJ69: =IF($G69="铝板",J69,"-") -> - | BK69: =IF($G69="铝板",H69,"-") -> - | BL69: =IF($G69="铝板",M69,"-") -> - | BM69: =IF($G69="铝板",L69,"-") -> - | BN69: =IF($G69="铝板",$N$6*O69,"-") -> - | BO69: =BN69*BM69*BL69/1000000 -> #VALUE! | BP69: =IF($G69="铝板",K69,"-") -> - | BS69: =IF($G69="铁皮",$H$7,"-") -> - | BT69: =IF($G69="铁皮",J69,"-") -> - | BU69: =IF($G69="铁皮",H69,"-") -> - | BV69: =IF($G69="铁皮",M69,"-") -> - | BW69: =IF($G69="铁皮",L69,"-") -> - | BX69: =IF($G69="铁皮",$N$6*O69,"-") -> - | BY69: =BX69*BW69*BV69/1000000 -> #VALUE! | BZ69: =IF($G69="铁皮",K69,"-") -> - | CC69: =IF(G69="钢材",$H$7,"-") -> - | CD69: =IF(G69="钢材",J69,"-") -> - | CE69: =IF(G69="钢材",H69,"-") -> - | CF69: =IF(G69="钢材",L69,"-") -> - | CH69: =IF(G69="钢材",$N$6*O69,"-") -> - | CJ69: =IF(G69="钢材",K69,"-") -> - | CK69: =IF(G69="钢材",Q69,"-") -> -
B70: =IF(G70<>G69,B69+1,B69) -> 7 | C70: =IF(G70<>G69,1,C69+1) -> 21 | D70: =IF(G70="","",IFERROR(IF(AND(B70<>"",C70<>""),B70&"."&C70,""),"")) -> 7.21 | E70: 62 | F70: 21 | G70: 配件 | H70: 胶塞 | I70: Ф14 ZX-050001 | O70: 16 | P70: 个 | R70: {=IFERROR(INDEX(板块数量!$B$2:$B$118,MATCH(0,IF((板块数量!$A$2:$A$118=$K$5)*(板块数量!$B$2:$B$118<>""),COUNTIF($R$8:R69,板块数量!$B$2:$B$118),1),0)),"")} | W70: =IF(OR(G70="型材",G70="尼龙"),H70,"-") -> - | X70: =IF(OR(G70="型材",G70="尼龙"),I70,"-") -> - | Y70: =IF(OR(G70="型材",G70="尼龙"),L70,"-") -> - | Z70: =IF(OR(G70="型材",G70="尼龙"),K70,"-") -> - | AA70: =IF(OR(G70="型材",G70="尼龙"),$N$6*O70,"-") -> - | AF70: =IF(OR(G70="型材",G70="尼龙"),H70,"-") -> - | AG70: =IF(OR(G70="型材",G70="尼龙"),I70,"-") -> - | AI70: =IF(OR(G70="型材",G70="尼龙"),L70,"-") -> - | AK70: =IF(OR(G70="型材",G70="尼龙"),$N$6*O70,"-") -> - | AP70: =IF($G70="配件",I70,"-") -> Ф14 ZX-050001 | AQ70: =IF($G70="配件",H70,"-") -> 胶塞 | AS70: =IF(OR(H70="泡沫条",H70="胶条"),$N$6*L70*O70/1000,IF(OR(H70="双面贴",H70="胶带"),L70*O70/1000,IF(AP70<>"-",$N$6*O70,"-"))) -> 112 | AT70: =IF(OR(H70="胶条",H70="泡沫条",H70="双面贴",H70="胶带"),"米",IF(AP70<>"-",P70,"-")) -> 个 | AY70: =IF($G70="玻璃",$H$7,"-") -> - | AZ70: =IF($G70="玻璃",J70,"-") -> - | BB70: =IF($G70="玻璃",M70,"-") -> - | BC70: =IF($G70="玻璃",L70,"-") -> - | BD70: =IF($G70="玻璃",$N$6*O70,"-") -> - | BE70: =BD70*BC70*BB70/1000000 -> #VALUE! | BF70: =IF($G70="玻璃",K70,"-") -> - | BI70: =IF($G70="铝板",$H$7,"-") -> - | BJ70: =IF($G70="铝板",J70,"-") -> - | BK70: =IF($G70="铝板",H70,"-") -> - | BL70: =IF($G70="铝板",M70,"-") -> - | BM70: =IF($G70="铝板",L70,"-") -> - | BN70: =IF($G70="铝板",$N$6*O70,"-") -> - | BO70: =BN70*BM70*BL70/1000000 -> #VALUE! | BP70: =IF($G70="铝板",K70,"-") -> - | BS70: =IF($G70="铁皮",$H$7,"-") -> - | BT70: =IF($G70="铁皮",J70,"-") -> - | BU70: =IF($G70="铁皮",H70,"-") -> - | BV70: =IF($G70="铁皮",M70,"-") -> - | BW70: =IF($G70="铁皮",L70,"-") -> - | BX70: =IF($G70="铁皮",$N$6*O70,"-") -> - | BY70: =BX70*BW70*BV70/1000000 -> #VALUE! | BZ70: =IF($G70="铁皮",K70,"-") -> - | CC70: =IF(G70="钢材",$H$7,"-") -> - | CD70: =IF(G70="钢材",J70,"-") -> - | CE70: =IF(G70="钢材",H70,"-") -> - | CF70: =IF(G70="钢材",L70,"-") -> - | CH70: =IF(G70="钢材",$N$6*O70,"-") -> - | CJ70: =IF(G70="钢材",K70,"-") -> - | CK70: =IF(G70="钢材",Q70,"-") -> -
B71: =IF(G71<>G70,B70+1,B70) -> 7 | C71: =IF(G71<>G70,1,C70+1) -> 22 | D71: =IF(G71="","",IFERROR(IF(AND(B71<>"",C71<>""),B71&"."&C71,""),"")) -> 7.22 | E71: 63 | F71: 22 | G71: 配件 | H71: 泡沫条 | I71: Ф8 泡沫条 | L71: 1461 | O71: 4 | P71: 支 | R71: {=IFERROR(INDEX(板块数量!$B$2:$B$118,MATCH(0,IF((板块数量!$A$2:$A$118=$K$5)*(板块数量!$B$2:$B$118<>""),COUNTIF($R$8:R70,板块数量!$B$2:$B$118),1),0)),"")} | W71: =IF(OR(G71="型材",G71="尼龙"),H71,"-") -> - | X71: =IF(OR(G71="型材",G71="尼龙"),I71,"-") -> - | Y71: =IF(OR(G71="型材",G71="尼龙"),L71,"-") -> - | Z71: =IF(OR(G71="型材",G71="尼龙"),K71,"-") -> - | AA71: =IF(OR(G71="型材",G71="尼龙"),$N$6*O71,"-") -> - | AF71: =IF(OR(G71="型材",G71="尼龙"),H71,"-") -> - | AG71: =IF(OR(G71="型材",G71="尼龙"),I71,"-") -> - | AI71: =IF(OR(G71="型材",G71="尼龙"),L71,"-") -> - | AK71: =IF(OR(G71="型材",G71="尼龙"),$N$6*O71,"-") -> - | AP71: =IF($G71="配件",I71,"-") -> Ф8 泡沫条 | AQ71: =IF($G71="配件",H71,"-") -> 泡沫条 | AS71: =IF(OR(H71="泡沫条",H71="胶条"),$N$6*L71*O71/1000,IF(OR(H71="双面贴",H71="胶带"),L71*O71/1000,IF(AP71<>"-",$N$6*O71,"-"))) -> 40.908 | AT71: =IF(OR(H71="胶条",H71="泡沫条",H71="双面贴",H71="胶带"),"米",IF(AP71<>"-",P71,"-")) -> 米 | AY71: =IF($G71="玻璃",$H$7,"-") -> - | AZ71: =IF($G71="玻璃",J71,"-") -> - | BB71: =IF($G71="玻璃",M71,"-") -> - | BC71: =IF($G71="玻璃",L71,"-") -> - | BD71: =IF($G71="玻璃",$N$6*O71,"-") -> - | BE71: =BD71*BC71*BB71/1000000 -> #VALUE! | BF71: =IF($G71="玻璃",K71,"-") -> - | BI71: =IF($G71="铝板",$H$7,"-") -> - | BJ71: =IF($G71="铝板",J71,"-") -> - | BK71: =IF($G71="铝板",H71,"-") -> - | BL71: =IF($G71="铝板",M71,"-") -> - | BM71: =IF($G71="铝板",L71,"-") -> - | BN71: =IF($G71="铝板",$N$6*O71,"-") -> - | BO71: =BN71*BM71*BL71/1000000 -> #VALUE! | BP71: =IF($G71="铝板",K71,"-") -> - | BS71: =IF($G71="铁皮",$H$7,"-") -> - | BT71: =IF($G71="铁皮",J71,"-") -> - | BU71: =IF($G71="铁皮",H71,"-") -> - | BV71: =IF($G71="铁皮",M71,"-") -> - | BW71: =IF($G71="铁皮",L71,"-") -> - | BX71: =IF($G71="铁皮",$N$6*O71,"-") -> - | BY71: =BX71*BW71*BV71/1000000 -> #VALUE! | BZ71: =IF($G71="铁皮",K71,"-") -> - | CC71: =IF(G71="钢材",$H$7,"-") -> - | CD71: =IF(G71="钢材",J71,"-") -> - | CE71: =IF(G71="钢材",H71,"-") -> - | CF71: =IF(G71="钢材",L71,"-") -> - | CH71: =IF(G71="钢材",$N$6*O71,"-") -> - | CJ71: =IF(G71="钢材",K71,"-") -> - | CK71: =IF(G71="钢材",Q71,"-") -> -
B72: =IF(G72<>G71,B71+1,B71) -> 7 | C72: =IF(G72<>G71,1,C71+1) -> 23 | D72: =IF(G72="","",IFERROR(IF(AND(B72<>"",C72<>""),B72&"."&C72,""),"")) -> 7.23 | E72: 64 | F72: 23 | G72: 配件 | H72: 泡沫条 | I72: Ф8 泡沫条 | L72: 3800 | O72: 2 | P72: 支 | R72: {=IFERROR(INDEX(板块数量!$B$2:$B$118,MATCH(0,IF((板块数量!$A$2:$A$118=$K$5)*(板块数量!$B$2:$B$118<>""),COUNTIF($R$8:R71,板块数量!$B$2:$B$118),1),0)),"")} | W72: =IF(OR(G72="型材",G72="尼龙"),H72,"-") -> - | X72: =IF(OR(G72="型材",G72="尼龙"),I72,"-") -> - | Y72: =IF(OR(G72="型材",G72="尼龙"),L72,"-") -> - | Z72: =IF(OR(G72="型材",G72="尼龙"),K72,"-") -> - | AA72: =IF(OR(G72="型材",G72="尼龙"),$N$6*O72,"-") -> - | AF72: =IF(OR(G72="型材",G72="尼龙"),H72,"-") -> - | AG72: =IF(OR(G72="型材",G72="尼龙"),I72,"-") -> - | AI72: =IF(OR(G72="型材",G72="尼龙"),L72,"-") -> - | AK72: =IF(OR(G72="型材",G72="尼龙"),$N$6*O72,"-") -> - | AP72: =IF($G72="配件",I72,"-") -> Ф8 泡沫条 | AQ72: =IF($G72="配件",H72,"-") -> 泡沫条 | AS72: =IF(OR(H72="泡沫条",H72="胶条"),$N$6*L72*O72/1000,IF(OR(H72="双面贴",H72="胶带"),L72*O72/1000,IF(AP72<>"-",$N$6*O72,"-"))) -> 53.2 | AT72: =IF(OR(H72="胶条",H72="泡沫条",H72="双面贴",H72="胶带"),"米",IF(AP72<>"-",P72,"-")) -> 米 | AY72: =IF($G72="玻璃",$H$7,"-") -> - | AZ72: =IF($G72="玻璃",J72,"-") -> - | BB72: =IF($G72="玻璃",M72,"-") -> - | BC72: =IF($G72="玻璃",L72,"-") -> - | BD72: =IF($G72="玻璃",$N$6*O72,"-") -> - | BE72: =BD72*BC72*BB72/1000000 -> #VALUE! | BF72: =IF($G72="玻璃",K72,"-") -> - | BI72: =IF($G72="铝板",$H$7,"-") -> - | BJ72: =IF($G72="铝板",J72,"-") -> - | BK72: =IF($G72="铝板",H72,"-") -> - | BL72: =IF($G72="铝板",M72,"-") -> - | BM72: =IF($G72="铝板",L72,"-") -> - | BN72: =IF($G72="铝板",$N$6*O72,"-") -> - | BO72: =BN72*BM72*BL72/1000000 -> #VALUE! | BP72: =IF($G72="铝板",K72,"-") -> - | BS72: =IF($G72="铁皮",$H$7,"-") -> - | BT72: =IF($G72="铁皮",J72,"-") -> - | BU72: =IF($G72="铁皮",H72,"-") -> - | BV72: =IF($G72="铁皮",M72,"-") -> - | BW72: =IF($G72="铁皮",L72,"-") -> - | BX72: =IF($G72="铁皮",$N$6*O72,"-") -> - | BY72: =BX72*BW72*BV72/1000000 -> #VALUE! | BZ72: =IF($G72="铁皮",K72,"-") -> - | CC72: =IF(G72="钢材",$H$7,"-") -> - | CD72: =IF(G72="钢材",J72,"-") -> - | CE72: =IF(G72="钢材",H72,"-") -> - | CF72: =IF(G72="钢材",L72,"-") -> - | CH72: =IF(G72="钢材",$N$6*O72,"-") -> - | CJ72: =IF(G72="钢材",K72,"-") -> - | CK72: =IF(G72="钢材",Q72,"-") -> -
B73: =IF(G73<>G72,B72+1,B72) -> 8 | C73: =IF(G73<>G72,1,C72+1) -> 1 | D73: =IF(G73="","",IFERROR(IF(AND(B73<>"",C73<>""),B73&"."&C73,""),"")) | E73: 65 | F73: 24 | R73: {=IFERROR(INDEX(板块数量!$B$2:$B$118,MATCH(0,IF((板块数量!$A$2:$A$118=$K$5)*(板块数量!$B$2:$B$118<>""),COUNTIF($R$8:R72,板块数量!$B$2:$B$118),1),0)),"")} | W73: =IF(OR(G73="型材",G73="尼龙"),H73,"-") -> - | X73: =IF(OR(G73="型材",G73="尼龙"),I73,"-") -> - | Y73: =IF(OR(G73="型材",G73="尼龙"),L73,"-") -> - | Z73: =IF(OR(G73="型材",G73="尼龙"),K73,"-") -> - | AA73: =IF(OR(G73="型材",G73="尼龙"),$N$6*O73,"-") -> - | AF73: =IF(OR(G73="型材",G73="尼龙"),H73,"-") -> - | AG73: =IF(OR(G73="型材",G73="尼龙"),I73,"-") -> - | AI73: =IF(OR(G73="型材",G73="尼龙"),L73,"-") -> - | AK73: =IF(OR(G73="型材",G73="尼龙"),$N$6*O73,"-") -> - | AP73: =IF($G73="配件",I73,"-") -> - | AQ73: =IF($G73="配件",H73,"-") -> - | AS73: =IF(OR(H73="泡沫条",H73="胶条"),$N$6*L73*O73/1000,IF(OR(H73="双面贴",H73="胶带"),L73*O73/1000,IF(AP73<>"-",$N$6*O73,"-"))) -> - | AT73: =IF(OR(H73="胶条",H73="泡沫条",H73="双面贴",H73="胶带"),"米",IF(AP73<>"-",P73,"-")) -> - | AY73: =IF($G73="玻璃",$H$7,"-") -> - | AZ73: =IF($G73="玻璃",J73,"-") -> - | BB73: =IF($G73="玻璃",M73,"-") -> - | BC73: =IF($G73="玻璃",L73,"-") -> - | BD73: =IF($G73="玻璃",$N$6*O73,"-") -> - | BE73: =BD73*BC73*BB73/1000000 -> #VALUE! | BF73: =IF($G73="玻璃",K73,"-") -> - | BI73: =IF($G73="铝板",$H$7,"-") -> - | BJ73: =IF($G73="铝板",J73,"-") -> - | BK73: =IF($G73="铝板",H73,"-") -> - | BL73: =IF($G73="铝板",M73,"-") -> - | BM73: =IF($G73="铝板",L73,"-") -> - | BN73: =IF($G73="铝板",$N$6*O73,"-") -> - | BO73: =BN73*BM73*BL73/1000000 -> #VALUE! | BP73: =IF($G73="铝板",K73,"-") -> - | BS73: =IF($G73="铁皮",$H$7,"-") -> - | BT73: =IF($G73="铁皮",J73,"-") -> - | BU73: =IF($G73="铁皮",H73,"-") -> - | BV73: =IF($G73="铁皮",M73,"-") -> - | BW73: =IF($G73="铁皮",L73,"-") -> - | BX73: =IF($G73="铁皮",$N$6*O73,"-") -> - | BY73: =BX73*BW73*BV73/1000000 -> #VALUE! | BZ73: =IF($G73="铁皮",K73,"-") -> - | CC73: =IF(G73="钢材",$H$7,"-") -> - | CD73: =IF(G73="钢材",J73,"-") -> - | CE73: =IF(G73="钢材",H73,"-") -> - | CF73: =IF(G73="钢材",L73,"-") -> - | CH73: =IF(G73="钢材",$N$6*O73,"-") -> - | CJ73: =IF(G73="钢材",K73,"-") -> - | CK73: =IF(G73="钢材",Q73,"-") -> -
B74: =IF(G74<>G73,B73+1,B73) -> 8 | C74: =IF(G74<>G73,1,C73+1) -> 2 | D74: =IF(G74="","",IFERROR(IF(AND(B74<>"",C74<>""),B74&"."&C74,""),"")) | F74: =D74 | W74: =IF(OR(G74="型材",G74="尼龙"),H74,"-") -> - | X74: =IF(OR(G74="型材",G74="尼龙"),I74,"-") -> - | Y74: =IF(OR(G74="型材",G74="尼龙"),L74,"-") -> - | Z74: =IF(OR(G74="型材",G74="尼龙"),K74,"-") -> - | AA74: =IF(OR(G74="型材",G74="尼龙"),$N$6*O74,"-") -> - | AF74: =IF(OR(G74="型材",G74="尼龙"),H74,"-") -> - | AG74: =IF(OR(G74="型材",G74="尼龙"),I74,"-") -> - | AI74: =IF(OR(G74="型材",G74="尼龙"),L74,"-") -> - | AK74: =IF(OR(G74="型材",G74="尼龙"),$N$6*O74,"-") -> - | AP74: =IF($G74="配件",I74,"-") -> - | AQ74: =IF($G74="配件",H74,"-") -> - | AS74: =IF(OR(H74="泡沫条",H74="胶条"),$N$6*L74*O74/1000,IF(OR(H74="双面贴",H74="胶带"),L74*O74/1000,IF(AP74<>"-",$N$6*O74,"-"))) -> - | AT74: =IF(OR(H74="胶条",H74="泡沫条",H74="双面贴",H74="胶带"),"米",IF(AP74<>"-",P74,"-")) -> - | AY74: =IF($G74="玻璃",$H$7,"-") -> - | AZ74: =IF($G74="玻璃",J74,"-") -> - | BB74: =IF($G74="玻璃",M74,"-") -> - | BC74: =IF($G74="玻璃",L74,"-") -> - | BD74: =IF($G74="玻璃",$N$6*O74,"-") -> - | BE74: =BD74*BC74*BB74/1000000 -> #VALUE! | BF74: =IF($G74="玻璃",K74,"-") -> - | BI74: =IF($G74="铝板",$H$7,"-") -> - | BJ74: =IF($G74="铝板",J74,"-") -> - | BK74: =IF($G74="铝板",H74,"-") -> - | BL74: =IF($G74="铝板",M74,"-") -> - | BM74: =IF($G74="铝板",L74,"-") -> - | BN74: =IF($G74="铝板",$N$6*O74,"-") -> - | BO74: =BN74*BM74*BL74/1000000 -> #VALUE! | BP74: =IF($G74="铝板",K74,"-") -> - | BS74: =IF($G74="铁皮",$H$7,"-") -> - | BT74: =IF($G74="铁皮",J74,"-") -> - | BU74: =IF($G74="铁皮",H74,"-") -> - | BV74: =IF($G74="铁皮",M74,"-") -> - | BW74: =IF($G74="铁皮",L74,"-") -> - | BX74: =IF($G74="铁皮",$N$6*O74,"-") -> - | BY74: =BX74*BW74*BV74/1000000 -> #VALUE! | BZ74: =IF($G74="铁皮",K74,"-") -> - | CC74: =IF(G74="钢材",$H$7,"-") -> - | CD74: =IF(G74="钢材",J74,"-") -> - | CE74: =IF(G74="钢材",H74,"-") -> - | CF74: =IF(G74="钢材",L74,"-") -> - | CH74: =IF(G74="钢材",$N$6*O74,"-") -> - | CJ74: =IF(G74="钢材",K74,"-") -> - | CK74: =IF(G74="钢材",Q74,"-") -> -
B75: =IF(G75<>G74,B74+1,B74) -> 8 | C75: =IF(G75<>G74,1,C74+1) -> 3 | D75: =IF(G75="","",IFERROR(IF(AND(B75<>"",C75<>""),B75&"."&C75,""),"")) | F75: =D75 | W75: =IF(OR(G75="型材",G75="尼龙"),H75,"-") -> - | X75: =IF(OR(G75="型材",G75="尼龙"),I75,"-") -> - | Y75: =IF(OR(G75="型材",G75="尼龙"),L75,"-") -> - | Z75: =IF(OR(G75="型材",G75="尼龙"),K75,"-") -> - | AA75: =IF(OR(G75="型材",G75="尼龙"),$N$6*O75,"-") -> - | AF75: =IF(OR(G75="型材",G75="尼龙"),H75,"-") -> - | AG75: =IF(OR(G75="型材",G75="尼龙"),I75,"-") -> - | AI75: =IF(OR(G75="型材",G75="尼龙"),L75,"-") -> - | AK75: =IF(OR(G75="型材",G75="尼龙"),$N$6*O75,"-") -> - | AP75: =IF($G75="配件",I75,"-") -> - | AQ75: =IF($G75="配件",H75,"-") -> - | AS75: =IF(OR(H75="泡沫条",H75="胶条"),$N$6*L75*O75/1000,IF(OR(H75="双面贴",H75="胶带"),L75*O75/1000,IF(AP75<>"-",$N$6*O75,"-"))) -> - | AT75: =IF(OR(H75="胶条",H75="泡沫条",H75="双面贴",H75="胶带"),"米",IF(AP75<>"-",P75,"-")) -> - | AY75: =IF($G75="玻璃",$H$7,"-") -> - | AZ75: =IF($G75="玻璃",J75,"-") -> - | BB75: =IF($G75="玻璃",M75,"-") -> - | BC75: =IF($G75="玻璃",L75,"-") -> - | BD75: =IF($G75="玻璃",$N$6*O75,"-") -> - | BE75: =BD75*BC75*BB75/1000000 -> #VALUE! | BF75: =IF($G75="玻璃",K75,"-") -> - | BI75: =IF($G75="铝板",$H$7,"-") -> - | BJ75: =IF($G75="铝板",J75,"-") -> - | BK75: =IF($G75="铝板",H75,"-") -> - | BL75: =IF($G75="铝板",M75,"-") -> - | BM75: =IF($G75="铝板",L75,"-") -> - | BN75: =IF($G75="铝板",$N$6*O75,"-") -> - | BO75: =BN75*BM75*BL75/1000000 -> #VALUE! | BP75: =IF($G75="铝板",K75,"-") -> - | BS75: =IF($G75="铁皮",$H$7,"-") -> - | BT75: =IF($G75="铁皮",J75,"-") -> - | BU75: =IF($G75="铁皮",H75,"-") -> - | BV75: =IF($G75="铁皮",M75,"-") -> - | BW75: =IF($G75="铁皮",L75,"-") -> - | BX75: =IF($G75="铁皮",$N$6*O75,"-") -> - | BY75: =BX75*BW75*BV75/1000000 -> #VALUE! | BZ75: =IF($G75="铁皮",K75,"-") -> - | CC75: =IF(G75="钢材",$H$7,"-") -> - | CD75: =IF(G75="钢材",J75,"-") -> - | CE75: =IF(G75="钢材",H75,"-") -> - | CF75: =IF(G75="钢材",L75,"-") -> - | CH75: =IF(G75="钢材",$N$6*O75,"-") -> - | CJ75: =IF(G75="钢材",K75,"-") -> - | CK75: =IF(G75="钢材",Q75,"-") -> -
B76: =IF(G76<>G75,B75+1,B75) -> 8 | C76: =IF(G76<>G75,1,C75+1) -> 4 | D76: =IF(G76="","",IFERROR(IF(AND(B76<>"",C76<>""),B76&"."&C76,""),"")) | F76: =D76 | W76: =IF(OR(G76="型材",G76="尼龙"),H76,"-") -> - | X76: =IF(OR(G76="型材",G76="尼龙"),I76,"-") -> - | Y76: =IF(OR(G76="型材",G76="尼龙"),L76,"-") -> - | Z76: =IF(OR(G76="型材",G76="尼龙"),K76,"-") -> - | AA76: =IF(OR(G76="型材",G76="尼龙"),$N$6*O76,"-") -> - | AF76: =IF(OR(G76="型材",G76="尼龙"),H76,"-") -> - | AG76: =IF(OR(G76="型材",G76="尼龙"),I76,"-") -> - | AI76: =IF(OR(G76="型材",G76="尼龙"),L76,"-") -> - | AK76: =IF(OR(G76="型材",G76="尼龙"),$N$6*O76,"-") -> - | AP76: =IF($G76="配件",I76,"-") -> - | AQ76: =IF($G76="配件",H76,"-") -> - | AS76: =IF(OR(H76="泡沫条",H76="胶条"),$N$6*L76*O76/1000,IF(OR(H76="双面贴",H76="胶带"),L76*O76/1000,IF(AP76<>"-",$N$6*O76,"-"))) -> - | AT76: =IF(OR(H76="胶条",H76="泡沫条",H76="双面贴",H76="胶带"),"米",IF(AP76<>"-",P76,"-")) -> - | AY76: =IF($G76="玻璃",$H$7,"-") -> - | AZ76: =IF($G76="玻璃",J76,"-") -> - | BB76: =IF($G76="玻璃",M76,"-") -> - | BC76: =IF($G76="玻璃",L76,"-") -> - | BD76: =IF($G76="玻璃",$N$6*O76,"-") -> - | BE76: =BD76*BC76*BB76/1000000 -> #VALUE! | BF76: =IF($G76="玻璃",K76,"-") -> - | BI76: =IF($G76="铝板",$H$7,"-") -> - | BJ76: =IF($G76="铝板",J76,"-") -> - | BK76: =IF($G76="铝板",H76,"-") -> - | BL76: =IF($G76="铝板",M76,"-") -> - | BM76: =IF($G76="铝板",L76,"-") -> - | BN76: =IF($G76="铝板",$N$6*O76,"-") -> - | BO76: =BN76*BM76*BL76/1000000 -> #VALUE! | BP76: =IF($G76="铝板",K76,"-") -> - | BS76: =IF($G76="铁皮",$H$7,"-") -> - | BT76: =IF($G76="铁皮",J76,"-") -> - | BU76: =IF($G76="铁皮",H76,"-") -> - | BV76: =IF($G76="铁皮",M76,"-") -> - | BW76: =IF($G76="铁皮",L76,"-") -> - | BX76: =IF($G76="铁皮",$N$6*O76,"-") -> - | BY76: =BX76*BW76*BV76/1000000 -> #VALUE! | BZ76: =IF($G76="铁皮",K76,"-") -> - | CC76: =IF(G76="钢材",$H$7,"-") -> - | CD76: =IF(G76="钢材",J76,"-") -> - | CE76: =IF(G76="钢材",H76,"-") -> - | CF76: =IF(G76="钢材",L76,"-") -> - | CH76: =IF(G76="钢材",$N$6*O76,"-") -> - | CJ76: =IF(G76="钢材",K76,"-") -> - | CK76: =IF(G76="钢材",Q76,"-") -> -
B77: =IF(G77<>G76,B76+1,B76) -> 8 | C77: =IF(G77<>G76,1,C76+1) -> 5 | D77: =IF(G77="","",IFERROR(IF(AND(B77<>"",C77<>""),B77&"."&C77,""),"")) | F77: =D77 | W77: =IF(OR(G77="型材",G77="尼龙"),H77,"-") -> - | X77: =IF(OR(G77="型材",G77="尼龙"),I77,"-") -> - | Y77: =IF(OR(G77="型材",G77="尼龙"),L77,"-") -> - | Z77: =IF(OR(G77="型材",G77="尼龙"),K77,"-") -> - | AA77: =IF(OR(G77="型材",G77="尼龙"),$N$6*O77,"-") -> - | AF77: =IF(OR(G77="型材",G77="尼龙"),H77,"-") -> - | AG77: =IF(OR(G77="型材",G77="尼龙"),I77,"-") -> - | AI77: =IF(OR(G77="型材",G77="尼龙"),L77,"-") -> - | AK77: =IF(OR(G77="型材",G77="尼龙"),$N$6*O77,"-") -> - | AP77: =IF($G77="配件",I77,"-") -> - | AQ77: =IF($G77="配件",H77,"-") -> - | AS77: =IF(OR(H77="泡沫条",H77="胶条"),$N$6*L77*O77/1000,IF(OR(H77="双面贴",H77="胶带"),L77*O77/1000,IF(AP77<>"-",$N$6*O77,"-"))) -> - | AT77: =IF(OR(H77="胶条",H77="泡沫条",H77="双面贴",H77="胶带"),"米",IF(AP77<>"-",P77,"-")) -> - | AY77: =IF($G77="玻璃",$H$7,"-") -> - | AZ77: =IF($G77="玻璃",J77,"-") -> - | BB77: =IF($G77="玻璃",M77,"-") -> - | BC77: =IF($G77="玻璃",L77,"-") -> - | BD77: =IF($G77="玻璃",$N$6*O77,"-") -> - | BE77: =BD77*BC77*BB77/1000000 -> #VALUE! | BF77: =IF($G77="玻璃",K77,"-") -> - | BI77: =IF($G77="铝板",$H$7,"-") -> - | BJ77: =IF($G77="铝板",J77,"-") -> - | BK77: =IF($G77="铝板",H77,"-") -> - | BL77: =IF($G77="铝板",M77,"-") -> - | BM77: =IF($G77="铝板",L77,"-") -> - | BN77: =IF($G77="铝板",$N$6*O77,"-") -> - | BO77: =BN77*BM77*BL77/1000000 -> #VALUE! | BP77: =IF($G77="铝板",K77,"-") -> - | BS77: =IF($G77="铁皮",$H$7,"-") -> - | BT77: =IF($G77="铁皮",J77,"-") -> - | BU77: =IF($G77="铁皮",H77,"-") -> - | BV77: =IF($G77="铁皮",M77,"-") -> - | BW77: =IF($G77="铁皮",L77,"-") -> - | BX77: =IF($G77="铁皮",$N$6*O77,"-") -> - | BY77: =BX77*BW77*BV77/1000000 -> #VALUE! | BZ77: =IF($G77="铁皮",K77,"-") -> - | CC77: =IF(G77="钢材",$H$7,"-") -> - | CD77: =IF(G77="钢材",J77,"-") -> - | CE77: =IF(G77="钢材",H77,"-") -> - | CF77: =IF(G77="钢材",L77,"-") -> - | CH77: =IF(G77="钢材",$N$6*O77,"-") -> - | CJ77: =IF(G77="钢材",K77,"-") -> - | CK77: =IF(G77="钢材",Q77,"-") -> -
B78: =IF(G78<>G77,B77+1,B77) -> 8 | C78: =IF(G78<>G77,1,C77+1) -> 6 | D78: =IF(G78="","",IFERROR(IF(AND(B78<>"",C78<>""),B78&"."&C78,""),"")) | F78: =D78 | W78: =IF(OR(G78="型材",G78="尼龙"),H78,"-") -> - | X78: =IF(OR(G78="型材",G78="尼龙"),I78,"-") -> - | Y78: =IF(OR(G78="型材",G78="尼龙"),L78,"-") -> - | Z78: =IF(OR(G78="型材",G78="尼龙"),K78,"-") -> - | AA78: =IF(OR(G78="型材",G78="尼龙"),$N$6*O78,"-") -> - | AF78: =IF(OR(G78="型材",G78="尼龙"),H78,"-") -> - | AG78: =IF(OR(G78="型材",G78="尼龙"),I78,"-") -> - | AI78: =IF(OR(G78="型材",G78="尼龙"),L78,"-") -> - | AK78: =IF(OR(G78="型材",G78="尼龙"),$N$6*O78,"-") -> - | AP78: =IF($G78="配件",I78,"-") -> - | AQ78: =IF($G78="配件",H78,"-") -> - | AS78: =IF(OR(H78="泡沫条",H78="胶条"),$N$6*L78*O78/1000,IF(OR(H78="双面贴",H78="胶带"),L78*O78/1000,IF(AP78<>"-",$N$6*O78,"-"))) -> - | AT78: =IF(OR(H78="胶条",H78="泡沫条",H78="双面贴",H78="胶带"),"米",IF(AP78<>"-",P78,"-")) -> - | AY78: =IF($G78="玻璃",$H$7,"-") -> - | AZ78: =IF($G78="玻璃",J78,"-") -> - | BB78: =IF($G78="玻璃",M78,"-") -> - | BC78: =IF($G78="玻璃",L78,"-") -> - | BD78: =IF($G78="玻璃",$N$6*O78,"-") -> - | BE78: =BD78*BC78*BB78/1000000 -> #VALUE! | BF78: =IF($G78="玻璃",K78,"-") -> - | BI78: =IF($G78="铝板",$H$7,"-") -> - | BJ78: =IF($G78="铝板",J78,"-") -> - | BK78: =IF($G78="铝板",H78,"-") -> - | BL78: =IF($G78="铝板",M78,"-") -> - | BM78: =IF($G78="铝板",L78,"-") -> - | BN78: =IF($G78="铝板",$N$6*O78,"-") -> - | BO78: =BN78*BM78*BL78/1000000 -> #VALUE! | BP78: =IF($G78="铝板",K78,"-") -> - | BS78: =IF($G78="铁皮",$H$7,"-") -> - | BT78: =IF($G78="铁皮",J78,"-") -> - | BU78: =IF($G78="铁皮",H78,"-") -> - | BV78: =IF($G78="铁皮",M78,"-") -> - | BW78: =IF($G78="铁皮",L78,"-") -> - | BX78: =IF($G78="铁皮",$N$6*O78,"-") -> - | BY78: =BX78*BW78*BV78/1000000 -> #VALUE! | BZ78: =IF($G78="铁皮",K78,"-") -> - | CC78: =IF(G78="钢材",$H$7,"-") -> - | CD78: =IF(G78="钢材",J78,"-") -> - | CE78: =IF(G78="钢材",H78,"-") -> - | CF78: =IF(G78="钢材",L78,"-") -> - | CH78: =IF(G78="钢材",$N$6*O78,"-") -> - | CJ78: =IF(G78="钢材",K78,"-") -> - | CK78: =IF(G78="钢材",Q78,"-") -> -
B79: =IF(G79<>G78,B78+1,B78) -> 8 | C79: =IF(G79<>G78,1,C78+1) -> 7 | D79: =IF(G79="","",IFERROR(IF(AND(B79<>"",C79<>""),B79&"."&C79,""),"")) | F79: =D79 | W79: =IF(OR(G79="型材",G79="尼龙"),H79,"-") -> - | X79: =IF(OR(G79="型材",G79="尼龙"),I79,"-") -> - | Y79: =IF(OR(G79="型材",G79="尼龙"),L79,"-") -> - | Z79: =IF(OR(G79="型材",G79="尼龙"),K79,"-") -> - | AA79: =IF(OR(G79="型材",G79="尼龙"),$N$6*O79,"-") -> - | AF79: =IF(OR(G79="型材",G79="尼龙"),H79,"-") -> - | AG79: =IF(OR(G79="型材",G79="尼龙"),I79,"-") -> - | AI79: =IF(OR(G79="型材",G79="尼龙"),L79,"-") -> - | AK79: =IF(OR(G79="型材",G79="尼龙"),$N$6*O79,"-") -> - | AP79: =IF($G79="配件",I79,"-") -> - | AQ79: =IF($G79="配件",H79,"-") -> - | AS79: =IF(OR(H79="泡沫条",H79="胶条"),$N$6*L79*O79/1000,IF(OR(H79="双面贴",H79="胶带"),L79*O79/1000,IF(AP79<>"-",$N$6*O79,"-"))) -> - | AT79: =IF(OR(H79="胶条",H79="泡沫条",H79="双面贴",H79="胶带"),"米",IF(AP79<>"-",P79,"-")) -> - | AY79: =IF($G79="玻璃",$H$7,"-") -> - | AZ79: =IF($G79="玻璃",J79,"-") -> - | BB79: =IF($G79="玻璃",M79,"-") -> - | BC79: =IF($G79="玻璃",L79,"-") -> - | BD79: =IF($G79="玻璃",$N$6*O79,"-") -> - | BE79: =BD79*BC79*BB79/1000000 -> #VALUE! | BF79: =IF($G79="玻璃",K79,"-") -> - | BI79: =IF($G79="铝板",$H$7,"-") -> - | BJ79: =IF($G79="铝板",J79,"-") -> - | BK79: =IF($G79="铝板",H79,"-") -> - | BL79: =IF($G79="铝板",M79,"-") -> - | BM79: =IF($G79="铝板",L79,"-") -> - | BN79: =IF($G79="铝板",$N$6*O79,"-") -> - | BO79: =BN79*BM79*BL79/1000000 -> #VALUE! | BP79: =IF($G79="铝板",K79,"-") -> - | BS79: =IF($G79="铁皮",$H$7,"-") -> - | BT79: =IF($G79="铁皮",J79,"-") -> - | BU79: =IF($G79="铁皮",H79,"-") -> - | BV79: =IF($G79="铁皮",M79,"-") -> - | BW79: =IF($G79="铁皮",L79,"-") -> - | BX79: =IF($G79="铁皮",$N$6*O79,"-") -> - | BY79: =BX79*BW79*BV79/1000000 -> #VALUE! | BZ79: =IF($G79="铁皮",K79,"-") -> - | CC79: =IF(G79="钢材",$H$7,"-") -> - | CD79: =IF(G79="钢材",J79,"-") -> - | CE79: =IF(G79="钢材",H79,"-") -> - | CF79: =IF(G79="钢材",L79,"-") -> - | CH79: =IF(G79="钢材",$N$6*O79,"-") -> - | CJ79: =IF(G79="钢材",K79,"-") -> - | CK79: =IF(G79="钢材",Q79,"-") -> -
B80: =IF(G80<>G79,B79+1,B79) -> 8 | C80: =IF(G80<>G79,1,C79+1) -> 8 | D80: =IF(G80="","",IFERROR(IF(AND(B80<>"",C80<>""),B80&"."&C80,""),"")) | F80: =D80 | W80: =IF(OR(G80="型材",G80="尼龙"),H80,"-") -> - | X80: =IF(OR(G80="型材",G80="尼龙"),I80,"-") -> - | Y80: =IF(OR(G80="型材",G80="尼龙"),L80,"-") -> - | Z80: =IF(OR(G80="型材",G80="尼龙"),K80,"-") -> - | AA80: =IF(OR(G80="型材",G80="尼龙"),$N$6*O80,"-") -> - | AF80: =IF(OR(G80="型材",G80="尼龙"),H80,"-") -> - | AG80: =IF(OR(G80="型材",G80="尼龙"),I80,"-") -> - | AI80: =IF(OR(G80="型材",G80="尼龙"),L80,"-") -> - | AK80: =IF(OR(G80="型材",G80="尼龙"),$N$6*O80,"-") -> - | AP80: =IF($G80="配件",I80,"-") -> - | AQ80: =IF($G80="配件",H80,"-") -> - | AS80: =IF(OR(H80="泡沫条",H80="胶条"),$N$6*L80*O80/1000,IF(OR(H80="双面贴",H80="胶带"),L80*O80/1000,IF(AP80<>"-",$N$6*O80,"-"))) -> - | AT80: =IF(OR(H80="胶条",H80="泡沫条",H80="双面贴",H80="胶带"),"米",IF(AP80<>"-",P80,"-")) -> - | AY80: =IF($G80="玻璃",$H$7,"-") -> - | AZ80: =IF($G80="玻璃",J80,"-") -> - | BB80: =IF($G80="玻璃",M80,"-") -> - | BC80: =IF($G80="玻璃",L80,"-") -> - | BD80: =IF($G80="玻璃",$N$6*O80,"-") -> - | BE80: =BD80*BC80*BB80/1000000 -> #VALUE! | BF80: =IF($G80="玻璃",K80,"-") -> - | BI80: =IF($G80="铝板",$H$7,"-") -> - | BJ80: =IF($G80="铝板",J80,"-") -> - | BK80: =IF($G80="铝板",H80,"-") -> - | BL80: =IF($G80="铝板",M80,"-") -> - | BM80: =IF($G80="铝板",L80,"-") -> - | BN80: =IF($G80="铝板",$N$6*O80,"-") -> - | BO80: =BN80*BM80*BL80/1000000 -> #VALUE! | BP80: =IF($G80="铝板",K80,"-") -> - | BS80: =IF($G80="铁皮",$H$7,"-") -> - | BT80: =IF($G80="铁皮",J80,"-") -> - | BU80: =IF($G80="铁皮",H80,"-") -> - | BV80: =IF($G80="铁皮",M80,"-") -> - | BW80: =IF($G80="铁皮",L80,"-") -> - | BX80: =IF($G80="铁皮",$N$6*O80,"-") -> - | BY80: =BX80*BW80*BV80/1000000 -> #VALUE! | BZ80: =IF($G80="铁皮",K80,"-") -> - | CC80: =IF(G80="钢材",$H$7,"-") -> - | CD80: =IF(G80="钢材",J80,"-") -> - | CE80: =IF(G80="钢材",H80,"-") -> - | CF80: =IF(G80="钢材",L80,"-") -> - | CH80: =IF(G80="钢材",$N$6*O80,"-") -> - | CJ80: =IF(G80="钢材",K80,"-") -> - | CK80: =IF(G80="钢材",Q80,"-") -> -
B81: =IF(G81<>G80,B80+1,B80) -> 8 | C81: =IF(G81<>G80,1,C80+1) -> 9 | D81: =IF(G81="","",IFERROR(IF(AND(B81<>"",C81<>""),B81&"."&C81,""),"")) | F81: =D81 | W81: =IF(OR(G81="型材",G81="尼龙"),H81,"-") -> - | X81: =IF(OR(G81="型材",G81="尼龙"),I81,"-") -> - | Y81: =IF(OR(G81="型材",G81="尼龙"),L81,"-") -> - | Z81: =IF(OR(G81="型材",G81="尼龙"),K81,"-") -> - | AA81: =IF(OR(G81="型材",G81="尼龙"),$N$6*O81,"-") -> - | AF81: =IF(OR(G81="型材",G81="尼龙"),H81,"-") -> - | AG81: =IF(OR(G81="型材",G81="尼龙"),I81,"-") -> - | AI81: =IF(OR(G81="型材",G81="尼龙"),L81,"-") -> - | AK81: =IF(OR(G81="型材",G81="尼龙"),$N$6*O81,"-") -> - | AP81: =IF($G81="配件",I81,"-") -> - | AQ81: =IF($G81="配件",H81,"-") -> - | AS81: =IF(OR(H81="泡沫条",H81="胶条"),$N$6*L81*O81/1000,IF(OR(H81="双面贴",H81="胶带"),L81*O81/1000,IF(AP81<>"-",$N$6*O81,"-"))) -> - | AT81: =IF(OR(H81="胶条",H81="泡沫条",H81="双面贴",H81="胶带"),"米",IF(AP81<>"-",P81,"-")) -> - | AY81: =IF($G81="玻璃",$H$7,"-") -> - | AZ81: =IF($G81="玻璃",J81,"-") -> - | BB81: =IF($G81="玻璃",M81,"-") -> - | BC81: =IF($G81="玻璃",L81,"-") -> - | BD81: =IF($G81="玻璃",$N$6*O81,"-") -> - | BE81: =BD81*BC81*BB81/1000000 -> #VALUE! | BF81: =IF($G81="玻璃",K81,"-") -> - | BI81: =IF($G81="铝板",$H$7,"-") -> - | BJ81: =IF($G81="铝板",J81,"-") -> - | BK81: =IF($G81="铝板",H81,"-") -> - | BL81: =IF($G81="铝板",M81,"-") -> - | BM81: =IF($G81="铝板",L81,"-") -> - | BN81: =IF($G81="铝板",$N$6*O81,"-") -> - | BO81: =BN81*BM81*BL81/1000000 -> #VALUE! | BP81: =IF($G81="铝板",K81,"-") -> - | BS81: =IF($G81="铁皮",$H$7,"-") -> - | BT81: =IF($G81="铁皮",J81,"-") -> - | BU81: =IF($G81="铁皮",H81,"-") -> - | BV81: =IF($G81="铁皮",M81,"-") -> - | BW81: =IF($G81="铁皮",L81,"-") -> - | BX81: =IF($G81="铁皮",$N$6*O81,"-") -> - | BY81: =BX81*BW81*BV81/1000000 -> #VALUE! | BZ81: =IF($G81="铁皮",K81,"-") -> - | CC81: =IF(G81="钢材",$H$7,"-") -> - | CD81: =IF(G81="钢材",J81,"-") -> - | CE81: =IF(G81="钢材",H81,"-") -> - | CF81: =IF(G81="钢材",L81,"-") -> - | CH81: =IF(G81="钢材",$N$6*O81,"-") -> - | CJ81: =IF(G81="钢材",K81,"-") -> - | CK81: =IF(G81="钢材",Q81,"-") -> -
B82: =IF(G82<>G81,B81+1,B81) -> 8 | C82: =IF(G82<>G81,1,C81+1) -> 10 | D82: =IF(G82="","",IFERROR(IF(AND(B82<>"",C82<>""),B82&"."&C82,""),"")) | F82: =D82 | W82: =IF(OR(G82="型材",G82="尼龙"),H82,"-") -> - | X82: =IF(OR(G82="型材",G82="尼龙"),I82,"-") -> - | Y82: =IF(OR(G82="型材",G82="尼龙"),L82,"-") -> - | Z82: =IF(OR(G82="型材",G82="尼龙"),K82,"-") -> - | AA82: =IF(OR(G82="型材",G82="尼龙"),$N$6*O82,"-") -> - | AF82: =IF(OR(G82="型材",G82="尼龙"),H82,"-") -> - | AG82: =IF(OR(G82="型材",G82="尼龙"),I82,"-") -> - | AI82: =IF(OR(G82="型材",G82="尼龙"),L82,"-") -> - | AK82: =IF(OR(G82="型材",G82="尼龙"),$N$6*O82,"-") -> - | AP82: =IF($G82="配件",I82,"-") -> - | AQ82: =IF($G82="配件",H82,"-") -> - | AS82: =IF(OR(H82="泡沫条",H82="胶条"),$N$6*L82*O82/1000,IF(OR(H82="双面贴",H82="胶带"),L82*O82/1000,IF(AP82<>"-",$N$6*O82,"-"))) -> - | AT82: =IF(OR(H82="胶条",H82="泡沫条",H82="双面贴",H82="胶带"),"米",IF(AP82<>"-",P82,"-")) -> - | AY82: =IF($G82="玻璃",$H$7,"-") -> - | AZ82: =IF($G82="玻璃",J82,"-") -> - | BB82: =IF($G82="玻璃",M82,"-") -> - | BC82: =IF($G82="玻璃",L82,"-") -> - | BD82: =IF($G82="玻璃",$N$6*O82,"-") -> - | BE82: =BD82*BC82*BB82/1000000 -> #VALUE! | BF82: =IF($G82="玻璃",K82,"-") -> - | BI82: =IF($G82="铝板",$H$7,"-") -> - | BJ82: =IF($G82="铝板",J82,"-") -> - | BK82: =IF($G82="铝板",H82,"-") -> - | BL82: =IF($G82="铝板",M82,"-") -> - | BM82: =IF($G82="铝板",L82,"-") -> - | BN82: =IF($G82="铝板",$N$6*O82,"-") -> - | BO82: =BN82*BM82*BL82/1000000 -> #VALUE! | BP82: =IF($G82="铝板",K82,"-") -> - | BS82: =IF($G82="铁皮",$H$7,"-") -> - | BT82: =IF($G82="铁皮",J82,"-") -> - | BU82: =IF($G82="铁皮",H82,"-") -> - | BV82: =IF($G82="铁皮",M82,"-") -> - | BW82: =IF($G82="铁皮",L82,"-") -> - | BX82: =IF($G82="铁皮",$N$6*O82,"-") -> - | BY82: =BX82*BW82*BV82/1000000 -> #VALUE! | BZ82: =IF($G82="铁皮",K82,"-") -> - | CC82: =IF(G82="钢材",$H$7,"-") -> - | CD82: =IF(G82="钢材",J82,"-") -> - | CE82: =IF(G82="钢材",H82,"-") -> - | CF82: =IF(G82="钢材",L82,"-") -> - | CH82: =IF(G82="钢材",$N$6*O82,"-") -> - | CJ82: =IF(G82="钢材",K82,"-") -> - | CK82: =IF(G82="钢材",Q82,"-") -> -
B83: =IF(G83<>G82,B82+1,B82) -> 8 | C83: =IF(G83<>G82,1,C82+1) -> 11 | D83: =IF(G83="","",IFERROR(IF(AND(B83<>"",C83<>""),B83&"."&C83,""),"")) | F83: =D83 | W83: =IF(OR(G83="型材",G83="尼龙"),H83,"-") -> - | X83: =IF(OR(G83="型材",G83="尼龙"),I83,"-") -> - | Y83: =IF(OR(G83="型材",G83="尼龙"),L83,"-") -> - | Z83: =IF(OR(G83="型材",G83="尼龙"),K83,"-") -> - | AA83: =IF(OR(G83="型材",G83="尼龙"),$N$6*O83,"-") -> - | AF83: =IF(OR(G83="型材",G83="尼龙"),H83,"-") -> - | AG83: =IF(OR(G83="型材",G83="尼龙"),I83,"-") -> - | AI83: =IF(OR(G83="型材",G83="尼龙"),L83,"-") -> - | AK83: =IF(OR(G83="型材",G83="尼龙"),$N$6*O83,"-") -> - | AP83: =IF($G83="配件",I83,"-") -> - | AQ83: =IF($G83="配件",H83,"-") -> - | AS83: =IF(OR(H83="泡沫条",H83="胶条"),$N$6*L83*O83/1000,IF(OR(H83="双面贴",H83="胶带"),L83*O83/1000,IF(AP83<>"-",$N$6*O83,"-"))) -> - | AT83: =IF(OR(H83="胶条",H83="泡沫条",H83="双面贴",H83="胶带"),"米",IF(AP83<>"-",P83,"-")) -> - | AY83: =IF($G83="玻璃",$H$7,"-") -> - | AZ83: =IF($G83="玻璃",J83,"-") -> - | BB83: =IF($G83="玻璃",M83,"-") -> - | BC83: =IF($G83="玻璃",L83,"-") -> - | BD83: =IF($G83="玻璃",$N$6*O83,"-") -> - | BE83: =BD83*BC83*BB83/1000000 -> #VALUE! | BF83: =IF($G83="玻璃",K83,"-") -> - | BI83: =IF($G83="铝板",$H$7,"-") -> - | BJ83: =IF($G83="铝板",J83,"-") -> - | BK83: =IF($G83="铝板",H83,"-") -> - | BL83: =IF($G83="铝板",M83,"-") -> - | BM83: =IF($G83="铝板",L83,"-") -> - | BN83: =IF($G83="铝板",$N$6*O83,"-") -> - | BO83: =BN83*BM83*BL83/1000000 -> #VALUE! | BP83: =IF($G83="铝板",K83,"-") -> - | BS83: =IF($G83="铁皮",$H$7,"-") -> - | BT83: =IF($G83="铁皮",J83,"-") -> - | BU83: =IF($G83="铁皮",H83,"-") -> - | BV83: =IF($G83="铁皮",M83,"-") -> - | BW83: =IF($G83="铁皮",L83,"-") -> - | BX83: =IF($G83="铁皮",$N$6*O83,"-") -> - | BY83: =BX83*BW83*BV83/1000000 -> #VALUE! | BZ83: =IF($G83="铁皮",K83,"-") -> - | CC83: =IF(G83="钢材",$H$7,"-") -> - | CD83: =IF(G83="钢材",J83,"-") -> - | CE83: =IF(G83="钢材",H83,"-") -> - | CF83: =IF(G83="钢材",L83,"-") -> - | CH83: =IF(G83="钢材",$N$6*O83,"-") -> - | CJ83: =IF(G83="钢材",K83,"-") -> - | CK83: =IF(G83="钢材",Q83,"-") -> -
B84: =IF(G84<>G83,B83+1,B83) -> 8 | C84: =IF(G84<>G83,1,C83+1) -> 12 | D84: =IF(G84="","",IFERROR(IF(AND(B84<>"",C84<>""),B84&"."&C84,""),"")) | F84: =D84 | W84: =IF(OR(G84="型材",G84="尼龙"),H84,"-") -> - | X84: =IF(OR(G84="型材",G84="尼龙"),I84,"-") -> - | Y84: =IF(OR(G84="型材",G84="尼龙"),L84,"-") -> - | Z84: =IF(OR(G84="型材",G84="尼龙"),K84,"-") -> - | AA84: =IF(OR(G84="型材",G84="尼龙"),$N$6*O84,"-") -> - | AF84: =IF(OR(G84="型材",G84="尼龙"),H84,"-") -> - | AG84: =IF(OR(G84="型材",G84="尼龙"),I84,"-") -> - | AI84: =IF(OR(G84="型材",G84="尼龙"),L84,"-") -> - | AK84: =IF(OR(G84="型材",G84="尼龙"),$N$6*O84,"-") -> - | AP84: =IF($G84="配件",I84,"-") -> - | AQ84: =IF($G84="配件",H84,"-") -> - | AS84: =IF(OR(H84="泡沫条",H84="胶条"),$N$6*L84*O84/1000,IF(OR(H84="双面贴",H84="胶带"),L84*O84/1000,IF(AP84<>"-",$N$6*O84,"-"))) -> - | AT84: =IF(OR(H84="胶条",H84="泡沫条",H84="双面贴",H84="胶带"),"米",IF(AP84<>"-",P84,"-")) -> - | AY84: =IF($G84="玻璃",$H$7,"-") -> - | AZ84: =IF($G84="玻璃",J84,"-") -> - | BB84: =IF($G84="玻璃",M84,"-") -> - | BC84: =IF($G84="玻璃",L84,"-") -> - | BD84: =IF($G84="玻璃",$N$6*O84,"-") -> - | BE84: =BD84*BC84*BB84/1000000 -> #VALUE! | BF84: =IF($G84="玻璃",K84,"-") -> - | BI84: =IF($G84="铝板",$H$7,"-") -> - | BJ84: =IF($G84="铝板",J84,"-") -> - | BK84: =IF($G84="铝板",H84,"-") -> - | BL84: =IF($G84="铝板",M84,"-") -> - | BM84: =IF($G84="铝板",L84,"-") -> - | BN84: =IF($G84="铝板",$N$6*O84,"-") -> - | BO84: =BN84*BM84*BL84/1000000 -> #VALUE! | BP84: =IF($G84="铝板",K84,"-") -> - | BS84: =IF($G84="铁皮",$H$7,"-") -> - | BT84: =IF($G84="铁皮",J84,"-") -> - | BU84: =IF($G84="铁皮",H84,"-") -> - | BV84: =IF($G84="铁皮",M84,"-") -> - | BW84: =IF($G84="铁皮",L84,"-") -> - | BX84: =IF($G84="铁皮",$N$6*O84,"-") -> - | BY84: =BX84*BW84*BV84/1000000 -> #VALUE! | BZ84: =IF($G84="铁皮",K84,"-") -> - | CC84: =IF(G84="钢材",$H$7,"-") -> - | CD84: =IF(G84="钢材",J84,"-") -> - | CE84: =IF(G84="钢材",H84,"-") -> - | CF84: =IF(G84="钢材",L84,"-") -> - | CH84: =IF(G84="钢材",$N$6*O84,"-") -> - | CJ84: =IF(G84="钢材",K84,"-") -> - | CK84: =IF(G84="钢材",Q84,"-") -> -
B85: =IF(G85<>G84,B84+1,B84) -> 8 | C85: =IF(G85<>G84,1,C84+1) -> 13 | D85: =IF(G85="","",IFERROR(IF(AND(B85<>"",C85<>""),B85&"."&C85,""),"")) | F85: =D85 | W85: =IF(OR(G85="型材",G85="尼龙"),H85,"-") -> - | X85: =IF(OR(G85="型材",G85="尼龙"),I85,"-") -> - | Y85: =IF(OR(G85="型材",G85="尼龙"),L85,"-") -> - | Z85: =IF(OR(G85="型材",G85="尼龙"),K85,"-") -> - | AA85: =IF(OR(G85="型材",G85="尼龙"),$N$6*O85,"-") -> - | AF85: =IF(OR(G85="型材",G85="尼龙"),H85,"-") -> - | AG85: =IF(OR(G85="型材",G85="尼龙"),I85,"-") -> - | AI85: =IF(OR(G85="型材",G85="尼龙"),L85,"-") -> - | AK85: =IF(OR(G85="型材",G85="尼龙"),$N$6*O85,"-") -> - | AP85: =IF($G85="配件",I85,"-") -> - | AQ85: =IF($G85="配件",H85,"-") -> - | AS85: =IF(OR(H85="泡沫条",H85="胶条"),$N$6*L85*O85/1000,IF(OR(H85="双面贴",H85="胶带"),L85*O85/1000,IF(AP85<>"-",$N$6*O85,"-"))) -> - | AT85: =IF(OR(H85="胶条",H85="泡沫条",H85="双面贴",H85="胶带"),"米",IF(AP85<>"-",P85,"-")) -> - | AY85: =IF($G85="玻璃",$H$7,"-") -> - | AZ85: =IF($G85="玻璃",J85,"-") -> - | BB85: =IF($G85="玻璃",M85,"-") -> - | BC85: =IF($G85="玻璃",L85,"-") -> - | BD85: =IF($G85="玻璃",$N$6*O85,"-") -> - | BE85: =BD85*BC85*BB85/1000000 -> #VALUE! | BF85: =IF($G85="玻璃",K85,"-") -> - | BI85: =IF($G85="铝板",$H$7,"-") -> - | BJ85: =IF($G85="铝板",J85,"-") -> - | BK85: =IF($G85="铝板",H85,"-") -> - | BL85: =IF($G85="铝板",M85,"-") -> - | BM85: =IF($G85="铝板",L85,"-") -> - | BN85: =IF($G85="铝板",$N$6*O85,"-") -> - | BO85: =BN85*BM85*BL85/1000000 -> #VALUE! | BP85: =IF($G85="铝板",K85,"-") -> - | BS85: =IF($G85="铁皮",$H$7,"-") -> - | BT85: =IF($G85="铁皮",J85,"-") -> - | BU85: =IF($G85="铁皮",H85,"-") -> - | BV85: =IF($G85="铁皮",M85,"-") -> - | BW85: =IF($G85="铁皮",L85,"-") -> - | BX85: =IF($G85="铁皮",$N$6*O85,"-") -> - | BY85: =BX85*BW85*BV85/1000000 -> #VALUE! | BZ85: =IF($G85="铁皮",K85,"-") -> - | CC85: =IF(G85="钢材",$H$7,"-") -> - | CD85: =IF(G85="钢材",J85,"-") -> - | CE85: =IF(G85="钢材",H85,"-") -> - | CF85: =IF(G85="钢材",L85,"-") -> - | CH85: =IF(G85="钢材",$N$6*O85,"-") -> - | CJ85: =IF(G85="钢材",K85,"-") -> - | CK85: =IF(G85="钢材",Q85,"-") -> -
... B109: =IF(G109<>G108,B108+1,B108) -> 8 | C109: =IF(G109<>G108,1,C108+1) -> 37 | D109: =IF(G109="","",IFERROR(IF(AND(B109<>"",C109<>""),B109&"."&C109,""),"")) | F109: =D109 | W109: =IF(OR(G109="型材",G109="尼龙"),H109,"-") -> - | X109: =IF(OR(G109="型材",G109="尼龙"),I109,"-") -> - | Y109: =IF(OR(G109="型材",G109="尼龙"),L109,"-") -> - | Z109: =IF(OR(G109="型材",G109="尼龙"),K109,"-") -> - | AA109: =IF(OR(G109="型材",G109="尼龙"),$N$6*O109,"-") -> - | AF109: =IF(OR(G109="型材",G109="尼龙"),H109,"-") -> - | AG109: =IF(OR(G109="型材",G109="尼龙"),I109,"-") -> - | AI109: =IF(OR(G109="型材",G109="尼龙"),L109,"-") -> - | AK109: =IF(OR(G109="型材",G109="尼龙"),$N$6*O109,"-") -> - | AP109: =IF($G109="配件",I109,"-") -> - | AQ109: =IF($G109="配件",H109,"-") -> - | AS109: =IF(OR(H109="泡沫条",H109="胶条"),$N$6*L109*O109/1000,IF(OR(H109="双面贴",H109="胶带"),L109*O109/1000,IF(AP109<>"-",$N$6*O109,"-"))) -> - | AT109: =IF(OR(H109="胶条",H109="泡沫条",H109="双面贴",H109="胶带"),"米",IF(AP109<>"-",P109,"-")) -> - | AY109: =IF($G109="玻璃",$H$7,"-") -> - | AZ109: =IF($G109="玻璃",J109,"-") -> - | BB109: =IF($G109="玻璃",M109,"-") -> - | BC109: =IF($G109="玻璃",L109,"-") -> - | BD109: =IF($G109="玻璃",$N$6*O109,"-") -> - | BE109: =BD109*BC109*BB109/1000000 -> #VALUE! | BF109: =IF($G109="玻璃",K109,"-") -> - | BI109: =IF($G109="铝板",$H$7,"-") -> - | BJ109: =IF($G109="铝板",J109,"-") -> - | BK109: =IF($G109="铝板",H109,"-") -> - | BL109: =IF($G109="铝板",M109,"-") -> - | BM109: =IF($G109="铝板",L109,"-") -> - | BN109: =IF($G109="铝板",$N$6*O109,"-") -> - | BO109: =BN109*BM109*BL109/1000000 -> #VALUE! | BP109: =IF($G109="铝板",K109,"-") -> - | BS109: =IF($G109="铁皮",$H$7,"-") -> - | BT109: =IF($G109="铁皮",J109,"-") -> - | BU109: =IF($G109="铁皮",H109,"-") -> - | BV109: =IF($G109="铁皮",M109,"-") -> - | BW109: =IF($G109="铁皮",L109,"-") -> - | BX109: =IF($G109="铁皮",$N$6*O109,"-") -> - | BY109: =BX109*BW109*BV109/1000000 -> #VALUE! | BZ109: =IF($G109="铁皮",K109,"-") -> - | CC109: =IF(G109="钢材",$H$7,"-") -> - | CD109: =IF(G109="钢材",J109,"-") -> - | CE109: =IF(G109="钢材",H109,"-") -> - | CF109: =IF(G109="钢材",L109,"-") -> - | CH109: =IF(G109="钢材",$N$6*O109,"-") -> - | CJ109: =IF(G109="钢材",K109,"-") -> - | CK109: =IF(G109="钢材",Q109,"-") -> -

Sheet M01-01-4-1
W2: 函数区，请勿编辑
F4: 项目名称： | H4: DARWIN CIVIC CENTRE | J4: 单元体加工单 | O4: 分格尺寸： | P4: 3800 | Q4: * | R4: 1445
F5: 工程编号： | H5: SYE-HK-25C004 | J5: 加工单编号： | K5: M01-01-4-1 | M5: 版 本： | N5: V0 | O5: 板块尺寸： | P5: 3830 | Q5: * | R5: 1466.5 | S5: * | T5: 262.5
F6: 板块名称： | H6: 见"板块名称"列 | J6: 加工部位： | K6: 11F | M6: 加工总数： | N6: =SUMPRODUCT(--(R9:R73<>"")) -> 14 | O6: 樘
B7: 函数区，请勿编辑 | F7: 装配图号： | H7: M01-01-4-1 | J7: 设 计： | K7: 彭玲 | M7: 核 对： | N7: 张小明 | P7: 批准： | Q7: 刘维 | W7: 铝材优化 | AE7: 铝材清单 | AP7: 配件清单 | AY7: 玻璃清单 | BI7: 铝板清单 | BS7: 镀锌铁皮清单 | CC7: 铁件清单
E8: 序号 | F8: 序号 | G8: 类型 | H8: 零件名称 | I8: 模号/型号 | J8: 零件编号 | K8: 加工图编号 | L8: 长度/H | M8: 宽度/W | N8: 厚度/t | O8: 数量/樘 | P8: 单位 | Q8: 板块名称 | W8: 型材名称 | X8: 厂家模号 | Y8: 长度 | Z8: 图纸编号 | AA8: 数量 | AB8: 颜色 | AC8: 类型 | AE8: 材料编号 | AF8: 铝材名称 | AG8: 厂家模号 | AH8: 颜色/表面处理（代码） | AI8: 长度 | AJ8: 线密度（kg/m） | AK8: 数量(支) | AL8: 重量 | AM8: 颜色/表面处理（具体色号） | AN8: 备 注 | AP8: 编号/规格型号 | AQ8: 配件名称 | AR8: 类型/材料/表面处理 | AS8: 数量 | AT8: 单位 | AU8: 订料编号 | AV8: 回料情况 | AW8: 供应商/备注 | AY8: 单元板编号 | AZ8: 玻璃编号 | BA8: 玻璃配置描述 | BB8: 宽 | BC8: 高 | BD8: 数量 | BE8: 面积 | BF8: 图纸编号 | BG8: 备注 | BI8: 单元板编号 | BJ8: 板材编号 | BK8: 板材名称 | BL8: 宽 | BM8: 高 | BN8: 数量 | BO8: 面积 | BP8: 图纸编号 | BQ8: 备注 | BS8: 单元板编号 | BT8: 板材编号 | BU8: 板材名称 | BV8: 宽 | BW8: 高 | BX8: 数量 | BY8: 面积 | BZ8: 图纸编号 | CA8: 备注 | CC8: 单元板编号 | CD8: 铁件编号 | CE8: 铁件名称 | CF8: 长(mm) | CG8: 米重kg/m | CH8: 数量 | CI8: 表面处理 | CJ8: 图纸编号 | CK8: 备注
B9: =IF(G9<>G8,B8+1,B8) -> 1 | C9: =IF(G9<>G8,1,C8+1) -> 1 | D9: =IF(G9="","",IFERROR(IF(AND(B9<>"",C9<>""),B9&"."&C9,""),"")) | E9: 1 | F9: 主材 | R9: {=IFERROR(INDEX(板块数量!$B$2:$B$118,MATCH(0,IF((板块数量!$A$2:$A$118=$K$5)*(板块数量!$B$2:$B$118<>""),COUNTIF($R$8:R8,板块数量!$B$2:$B$118),1),0)),"")} -> L11-81 | W9: =IF(OR($G9="型材",$G9="尼龙"),H9,"-") -> - | X9: =IF(OR($G9="型材",$G9="尼龙"),I9,"-") -> - | Y9: =IF(OR($G9="型材",$G9="尼龙"),L9,"-") -> - | Z9: =IF(OR(G9="型材",G9="尼龙"),K9,"-") -> - | AA9: =IF(OR($G9="型材",$G9="尼龙"),$N$6*O9,"-") -> - | AF9: =IF(OR(G9="型材",G9="尼龙"),H9,"-") -> - | AG9: =IF(OR(G9="型材",G9="尼龙"),I9,"-") -> - | AI9: =IF(OR(G9="型材",G9="尼龙"),L9,"-") -> - | AK9: =IF(OR(G9="型材",G9="尼龙"),$N$6*O9,"-") -> - | AP9: =IF($G9="配件",I9,"-") -> - | AQ9: =IF($G9="配件",H9,"-") -> - | AS9: =IF(OR(H9="泡沫条",H9="胶条"),$N$6*L9*O9/1000,IF(OR(H9="双面贴",H9="胶带"),L9*O9/1000,IF(AP9<>"-",$N$6*O9,"-"))) -> - | AT9: =IF(OR(H9="胶条",H9="泡沫条",H9="双面贴",H9="胶带"),"米",IF(AP9<>"-",P9,"-")) -> - | AY9: =IF($G9="玻璃",$H$7,"-") -> - | AZ9: =IF($G9="玻璃",J9,"-") -> - | BB9: =IF($G9="玻璃",M9,"-") -> - | BC9: =IF($G9="玻璃",L9,"-") -> - | BD9: =IF($G9="玻璃",$N$6*O9,"-") -> - | BE9: =BD9*BC9*BB9/1000000 -> #VALUE! | BF9: =IF($G9="玻璃",K9,"-") -> - | BI9: =IF($G9="铝板",$H$7,"-") -> - | BJ9: =IF($G9="铝板",J9,"-") -> - | BK9: =IF($G9="铝板",H9,"-") -> - | BL9: =IF($G9="铝板",M9,"-") -> - | BM9: =IF($G9="铝板",L9,"-") -> - | BN9: =IF($G9="铝板",$N$6*O9,"-") -> - | BO9: =BN9*BM9*BL9/1000000 -> #VALUE! | BP9: =IF($G9="铝板",K9,"-") -> - | BS9: =IF($G9="铁皮",$H$7,"-") -> - | BT9: =IF($G9="铁皮",J9,"-") -> - | BU9: =IF($G9="铁皮",H9,"-") -> - | BV9: =IF($G9="铁皮",M9,"-") -> - | BW9: =IF($G9="铁皮",L9,"-") -> - | BX9: =IF($G9="铁皮",$N$6*O9,"-") -> - | BY9: =BX9*BW9*BV9/1000000 -> #VALUE! | BZ9: =IF($G9="铁皮",K9,"-") -> - | CC9: =IF(G9="钢材",$H$7,"-") -> - | CD9: =IF(G9="钢材",J9,"-") -> - | CE9: =IF(G9="钢材",H9,"-") -> - | CF9: =IF(G9="钢材",L9,"-") -> - | CH9: =IF(G9="钢材",$N$6*O9,"-") -> - | CJ9: =IF(G9="钢材",K9,"-") -> - | CK9: =IF(G9="钢材",Q9,"-") -> -
B10: =IF(G10<>G9,B9+1,B9) -> 2 | C10: =IF(G10<>G9,1,C9+1) -> 1 | D10: =IF(G10="","",IFERROR(IF(AND(B10<>"",C10<>""),B10&"."&C10,""),"")) -> 2.1 | E10: 2 | F10: 1 | G10: 铁皮 | H10: 1.2mm镀锌铁皮 | I10: DX51D+Z-70 | J10: 板块名-SP01 | K10: - | L10: 1729 | M10: 1341 | N10: 1 | O10: 1 | P10: 块 | R10: {=IFERROR(INDEX(板块数量!$B$2:$B$118,MATCH(0,IF((板块数量!$A$2:$A$118=$K$5)*(板块数量!$B$2:$B$118<>""),COUNTIF($R$8:R9,板块数量!$B$2:$B$118),1),0)),"")} -> L11-82 | W10: =IF(OR(G10="型材",G10="尼龙"),H10,"-") -> - | X10: =IF(OR(G10="型材",G10="尼龙"),I10,"-") -> - | Y10: =IF(OR(G10="型材",G10="尼龙"),L10,"-") -> - | Z10: =IF(OR(G10="型材",G10="尼龙"),K10,"-") -> - | AA10: =IF(OR(G10="型材",G10="尼龙"),$N$6*O10,"-") -> - | AF10: =IF(OR(G10="型材",G10="尼龙"),H10,"-") -> - | AG10: =IF(OR(G10="型材",G10="尼龙"),I10,"-") -> - | AI10: =IF(OR(G10="型材",G10="尼龙"),L10,"-") -> - | AK10: =IF(OR(G10="型材",G10="尼龙"),$N$6*O10,"-") -> - | AP10: =IF($G10="配件",I10,"-") -> - | AQ10: =IF($G10="配件",H10,"-") -> - | AS10: =IF(OR(H10="泡沫条",H10="胶条"),$N$6*L10*O10/1000,IF(OR(H10="双面贴",H10="胶带"),L10*O10/1000,IF(AP10<>"-",$N$6*O10,"-"))) -> - | AT10: =IF(OR(H10="胶条",H10="泡沫条",H10="双面贴",H10="胶带"),"米",IF(AP10<>"-",P10,"-")) -> - | AY10: =IF($G10="玻璃",$H$7,"-") -> - | AZ10: =IF($G10="玻璃",J10,"-") -> - | BB10: =IF($G10="玻璃",M10,"-") -> - | BC10: =IF($G10="玻璃",L10,"-") -> - | BD10: =IF($G10="玻璃",$N$6*O10,"-") -> - | BE10: =BD10*BC10*BB10/1000000 -> #VALUE! | BF10: =IF($G10="玻璃",K10,"-") -> - | BI10: =IF($G10="铝板",$H$7,"-") -> - | BJ10: =IF($G10="铝板",J10,"-") -> - | BK10: =IF($G10="铝板",H10,"-") -> - | BL10: =IF($G10="铝板",M10,"-") -> - | BM10: =IF($G10="铝板",L10,"-") -> - | BN10: =IF($G10="铝板",$N$6*O10,"-") -> - | BO10: =BN10*BM10*BL10/1000000 -> #VALUE! | BP10: =IF($G10="铝板",K10,"-") -> - | BS10: =IF($G10="铁皮",$H$7,"-") -> M01-01-4-1 | BT10: =IF($G10="铁皮",J10,"-") -> 板块名-SP01 | BU10: =IF($G10="铁皮",H10,"-") -> 1.2mm镀锌铁皮 | BV10: =IF($G10="铁皮",M10,"-") -> 1341 | BW10: =IF($G10="铁皮",L10,"-") -> 1729 | BX10: =IF($G10="铁皮",$N$6*O10,"-") -> 14 | BY10: =BX10*BW10*BV10/1000000 -> 32.460246 | BZ10: =IF($G10="铁皮",K10,"-") -> - | CC10: =IF(G10="钢材",$H$7,"-") -> - | CD10: =IF(G10="钢材",J10,"-") -> - | CE10: =IF(G10="钢材",H10,"-") -> - | CF10: =IF(G10="钢材",L10,"-") -> - | CH10: =IF(G10="钢材",$N$6*O10,"-") -> - | CJ10: =IF(G10="钢材",K10,"-") -> - | CK10: =IF(G10="钢材",Q10,"-") -> -
B11: =IF(G11<>G10,B10+1,B10) -> 3 | C11: =IF(G11<>G10,1,C10+1) -> 1 | D11: =IF(G11="","",IFERROR(IF(AND(B11<>"",C11<>""),B11&"."&C11,""),"")) -> 3.1 | E11: 3 | F11: 2 | G11: 玻璃 | H11: GL02 | I11: GL02 | J11: 板块名-GL02-01 | K11: - | L11: 1808 | M11: 1409 | N11: 24 | O11: 1 | P11: 块 | R11: {=IFERROR(INDEX(板块数量!$B$2:$B$118,MATCH(0,IF((板块数量!$A$2:$A$118=$K$5)*(板块数量!$B$2:$B$118<>""),COUNTIF($R$8:R10,板块数量!$B$2:$B$118),1),0)),"")} -> L11-83 | W11: =IF(OR(G11="型材",G11="尼龙"),H11,"-") -> - | X11: =IF(OR(G11="型材",G11="尼龙"),I11,"-") -> - | Y11: =IF(OR(G11="型材",G11="尼龙"),L11,"-") -> - | Z11: =IF(OR(G11="型材",G11="尼龙"),K11,"-") -> - | AA11: =IF(OR(G11="型材",G11="尼龙"),$N$6*O11,"-") -> - | AF11: =IF(OR(G11="型材",G11="尼龙"),H11,"-") -> - | AG11: =IF(OR(G11="型材",G11="尼龙"),I11,"-") -> - | AI11: =IF(OR(G11="型材",G11="尼龙"),L11,"-") -> - | AK11: =IF(OR(G11="型材",G11="尼龙"),$N$6*O11,"-") -> - | AP11: =IF($G11="配件",I11,"-") -> - | AQ11: =IF($G11="配件",H11,"-") -> - | AS11: =IF(OR(H11="泡沫条",H11="胶条"),$N$6*L11*O11/1000,IF(OR(H11="双面贴",H11="胶带"),L11*O11/1000,IF(AP11<>"-",$N$6*O11,"-"))) -> - | AT11: =IF(OR(H11="胶条",H11="泡沫条",H11="双面贴",H11="胶带"),"米",IF(AP11<>"-",P11,"-")) -> - | AY11: =IF($G11="玻璃",$H$7,"-") -> M01-01-4-1 | AZ11: =IF($G11="玻璃",J11,"-") -> 板块名-GL02-01 | BB11: =IF($G11="玻璃",M11,"-") -> 1409 | BC11: =IF($G11="玻璃",L11,"-") -> 1808 | BD11: =IF($G11="玻璃",$N$6*O11,"-") -> 14 | BE11: =BD11*BC11*BB11/1000000 -> 35.664608 | BF11: =IF($G11="玻璃",K11,"-") -> - | BI11: =IF($G11="铝板",$H$7,"-") -> - | BJ11: =IF($G11="铝板",J11,"-") -> - | BK11: =IF($G11="铝板",H11,"-") -> - | BL11: =IF($G11="铝板",M11,"-") -> - | BM11: =IF($G11="铝板",L11,"-") -> - | BN11: =IF($G11="铝板",$N$6*O11,"-") -> - | BO11: =BN11*BM11*BL11/1000000 -> #VALUE! | BP11: =IF($G11="铝板",K11,"-") -> - | BS11: =IF($G11="铁皮",$H$7,"-") -> - | BT11: =IF($G11="铁皮",J11,"-") -> - | BU11: =IF($G11="铁皮",H11,"-") -> - | BV11: =IF($G11="铁皮",M11,"-") -> - | BW11: =IF($G11="铁皮",L11,"-") -> - | BX11: =IF($G11="铁皮",$N$6*O11,"-") -> - | BY11: =BX11*BW11*BV11/1000000 -> #VALUE! | BZ11: =IF($G11="铁皮",K11,"-") -> - | CC11: =IF(G11="钢材",$H$7,"-") -> - | CD11: =IF(G11="钢材",J11,"-") -> - | CE11: =IF(G11="钢材",H11,"-") -> - | CF11: =IF(G11="钢材",L11,"-") -> - | CH11: =IF(G11="钢材",$N$6*O11,"-") -> - | CJ11: =IF(G11="钢材",K11,"-") -> - | CK11: =IF(G11="钢材",Q11,"-") -> -
B12: =IF(G12<>G11,B11+1,B11) -> 3 | C12: =IF(G12<>G11,1,C11+1) -> 2 | D12: =IF(G12="","",IFERROR(IF(AND(B12<>"",C12<>""),B12&"."&C12,""),"")) -> 3.2 | E12: 4 | F12: 3 | G12: 玻璃 | H12: GL01 | I12: GL01 | J12: 板块名-GL01-01 | K12: - | L12: 1907 | M12: 1409 | N12: 24 | O12: 1 | P12: 块 | R12: {=IFERROR(INDEX(板块数量!$B$2:$B$118,MATCH(0,IF((板块数量!$A$2:$A$118=$K$5)*(板块数量!$B$2:$B$118<>""),COUNTIF($R$8:R11,板块数量!$B$2:$B$118),1),0)),"")} -> L11-84 | W12: =IF(OR(G12="型材",G12="尼龙"),H12,"-") -> - | X12: =IF(OR(G12="型材",G12="尼龙"),I12,"-") -> - | Y12: =IF(OR(G12="型材",G12="尼龙"),L12,"-") -> - | Z12: =IF(OR(G12="型材",G12="尼龙"),K12,"-") -> - | AA12: =IF(OR(G12="型材",G12="尼龙"),$N$6*O12,"-") -> - | AF12: =IF(OR(G12="型材",G12="尼龙"),H12,"-") -> - | AG12: =IF(OR(G12="型材",G12="尼龙"),I12,"-") -> - | AI12: =IF(OR(G12="型材",G12="尼龙"),L12,"-") -> - | AK12: =IF(OR(G12="型材",G12="尼龙"),$N$6*O12,"-") -> - | AP12: =IF($G12="配件",I12,"-") -> - | AQ12: =IF($G12="配件",H12,"-") -> - | AS12: =IF(OR(H12="泡沫条",H12="胶条"),$N$6*L12*O12/1000,IF(OR(H12="双面贴",H12="胶带"),L12*O12/1000,IF(AP12<>"-",$N$6*O12,"-"))) -> - | AT12: =IF(OR(H12="胶条",H12="泡沫条",H12="双面贴",H12="胶带"),"米",IF(AP12<>"-",P12,"-")) -> - | AY12: =IF($G12="玻璃",$H$7,"-") -> M01-01-4-1 | AZ12: =IF($G12="玻璃",J12,"-") -> 板块名-GL01-01 | BB12: =IF($G12="玻璃",M12,"-") -> 1409 | BC12: =IF($G12="玻璃",L12,"-") -> 1907 | BD12: =IF($G12="玻璃",$N$6*O12,"-") -> 14 | BE12: =BD12*BC12*BB12/1000000 -> 37.617482 | BF12: =IF($G12="玻璃",K12,"-") -> - | BI12: =IF($G12="铝板",$H$7,"-") -> - | BJ12: =IF($G12="铝板",J12,"-") -> - | BK12: =IF($G12="铝板",H12,"-") -> - | BL12: =IF($G12="铝板",M12,"-") -> - | BM12: =IF($G12="铝板",L12,"-") -> - | BN12: =IF($G12="铝板",$N$6*O12,"-") -> - | BO12: =BN12*BM12*BL12/1000000 -> #VALUE! | BP12: =IF($G12="铝板",K12,"-") -> - | BS12: =IF($G12="铁皮",$H$7,"-") -> - | BT12: =IF($G12="铁皮",J12,"-") -> - | BU12: =IF($G12="铁皮",H12,"-") -> - | BV12: =IF($G12="铁皮",M12,"-") -> - | BW12: =IF($G12="铁皮",L12,"-") -> - | BX12: =IF($G12="铁皮",$N$6*O12,"-") -> - | BY12: =BX12*BW12*BV12/1000000 -> #VALUE! | BZ12: =IF($G12="铁皮",K12,"-") -> - | CC12: =IF(G12="钢材",$H$7,"-") -> - | CD12: =IF(G12="钢材",J12,"-") -> - | CE12: =IF(G12="钢材",H12,"-") -> - | CF12: =IF(G12="钢材",L12,"-") -> - | CH12: =IF(G12="钢材",$N$6*O12,"-") -> - | CJ12: =IF(G12="钢材",K12,"-") -> - | CK12: =IF(G12="钢材",Q12,"-") -> -
B13: =IF(G13<>G12,B12+1,B12) -> 4 | C13: =IF(G13<>G12,1,C12+1) -> 1 | D13: =IF(G13="","",IFERROR(IF(AND(B13<>"",C13<>""),B13&"."&C13,""),"")) -> 4.1 | E13: 5 | F13: 4 | G13: 尼龙 | H13: 隔热条 | I13: SYE-NL08 | J13: SYE-NL08-03 | K13: SYE-NL08-03 | L13: 3760 | M13: 7.6 | N13: 33.1 | O13: 2 | P13: 支 | R13: {=IFERROR(INDEX(板块数量!$B$2:$B$118,MATCH(0,IF((板块数量!$A$2:$A$118=$K$5)*(板块数量!$B$2:$B$118<>""),COUNTIF($R$8:R12,板块数量!$B$2:$B$118),1),0)),"")} -> L11-85 | W13: =IF(OR(G13="型材",G13="尼龙"),H13,"-") -> 隔热条 | X13: =IF(OR(G13="型材",G13="尼龙"),I13,"-") -> SYE-NL08 | Y13: =IF(OR(G13="型材",G13="尼龙"),L13,"-") -> 3760 | Z13: =IF(OR(G13="型材",G13="尼龙"),K13,"-") -> SYE-NL08-03 | AA13: =IF(OR(G13="型材",G13="尼龙"),$N$6*O13,"-") -> 28 | AF13: =IF(OR(G13="型材",G13="尼龙"),H13,"-") -> 隔热条 | AG13: =IF(OR(G13="型材",G13="尼龙"),I13,"-") -> SYE-NL08 | AI13: =IF(OR(G13="型材",G13="尼龙"),L13,"-") -> 3760 | AK13: =IF(OR(G13="型材",G13="尼龙"),$N$6*O13,"-") -> 28 | AP13: =IF($G13="配件",I13,"-") -> - | AQ13: =IF($G13="配件",H13,"-") -> - | AS13: =IF(OR(H13="泡沫条",H13="胶条"),$N$6*L13*O13/1000,IF(OR(H13="双面贴",H13="胶带"),L13*O13/1000,IF(AP13<>"-",$N$6*O13,"-"))) -> - | AT13: =IF(OR(H13="胶条",H13="泡沫条",H13="双面贴",H13="胶带"),"米",IF(AP13<>"-",P13,"-")) -> - | AY13: =IF($G13="玻璃",$H$7,"-") -> - | AZ13: =IF($G13="玻璃",J13,"-") -> - | BB13: =IF($G13="玻璃",M13,"-") -> - | BC13: =IF($G13="玻璃",L13,"-") -> - | BD13: =IF($G13="玻璃",$N$6*O13,"-") -> - | BE13: =BD13*BC13*BB13/1000000 -> #VALUE! | BF13: =IF($G13="玻璃",K13,"-") -> - | BI13: =IF($G13="铝板",$H$7,"-") -> - | BJ13: =IF($G13="铝板",J13,"-") -> - | BK13: =IF($G13="铝板",H13,"-") -> - | BL13: =IF($G13="铝板",M13,"-") -> - | BM13: =IF($G13="铝板",L13,"-") -> - | BN13: =IF($G13="铝板",$N$6*O13,"-") -> - | BO13: =BN13*BM13*BL13/1000000 -> #VALUE! | BP13: =IF($G13="铝板",K13,"-") -> - | BS13: =IF($G13="铁皮",$H$7,"-") -> - | BT13: =IF($G13="铁皮",J13,"-") -> - | BU13: =IF($G13="铁皮",H13,"-") -> - | BV13: =IF($G13="铁皮",M13,"-") -> - | BW13: =IF($G13="铁皮",L13,"-") -> - | BX13: =IF($G13="铁皮",$N$6*O13,"-") -> - | BY13: =BX13*BW13*BV13/1000000 -> #VALUE! | BZ13: =IF($G13="铁皮",K13,"-") -> - | CC13: =IF(G13="钢材",$H$7,"-") -> - | CD13: =IF(G13="钢材",J13,"-") -> - | CE13: =IF(G13="钢材",H13,"-") -> - | CF13: =IF(G13="钢材",L13,"-") -> - | CH13: =IF(G13="钢材",$N$6*O13,"-") -> - | CJ13: =IF(G13="钢材",K13,"-") -> - | CK13: =IF(G13="钢材",Q13,"-") -> -
B14: =IF(G14<>G13,B13+1,B13) -> 5 | C14: =IF(G14<>G13,1,C13+1) -> 1 | D14: =IF(G14="","",IFERROR(IF(AND(B14<>"",C14<>""),B14&"."&C14,""),"")) -> 5.1 | E14: 6 | F14: 5 | G14: 型材 | H14: 转接件 | I14: DCC154H-607-LL | J14: CW154H-607-02 | K14: CW154H-607-02 | L14: 1345 | M14: 91 | N14: 6.2 | O14: 1 | P14: 支 | R14: {=IFERROR(INDEX(板块数量!$B$2:$B$118,MATCH(0,IF((板块数量!$A$2:$A$118=$K$5)*(板块数量!$B$2:$B$118<>""),COUNTIF($R$8:R13,板块数量!$B$2:$B$118),1),0)),"")} -> L11-86 | W14: =IF(OR(G14="型材",G14="尼龙"),H14,"-") -> 转接件 | X14: =IF(OR(G14="型材",G14="尼龙"),I14,"-") -> DCC154H-607-LL | Y14: =IF(OR(G14="型材",G14="尼龙"),L14,"-") -> 1345 | Z14: =IF(OR(G14="型材",G14="尼龙"),K14,"-") -> CW154H-607-02 | AA14: =IF(OR(G14="型材",G14="尼龙"),$N$6*O14,"-") -> 14 | AF14: =IF(OR(G14="型材",G14="尼龙"),H14,"-") -> 转接件 | AG14: =IF(OR(G14="型材",G14="尼龙"),I14,"-") -> DCC154H-607-LL | AI14: =IF(OR(G14="型材",G14="尼龙"),L14,"-") -> 1345 | AK14: =IF(OR(G14="型材",G14="尼龙"),$N$6*O14,"-") -> 14 | AP14: =IF($G14="配件",I14,"-") -> - | AQ14: =IF($G14="配件",H14,"-") -> - | AS14: =IF(OR(H14="泡沫条",H14="胶条"),$N$6*L14*O14/1000,IF(OR(H14="双面贴",H14="胶带"),L14*O14/1000,IF(AP14<>"-",$N$6*O14,"-"))) -> - | AT14: =IF(OR(H14="胶条",H14="泡沫条",H14="双面贴",H14="胶带"),"米",IF(AP14<>"-",P14,"-")) -> - | AY14: =IF($G14="玻璃",$H$7,"-") -> - | AZ14: =IF($G14="玻璃",J14,"-") -> - | BB14: =IF($G14="玻璃",M14,"-") -> - | BC14: =IF($G14="玻璃",L14,"-") -> - | BD14: =IF($G14="玻璃",$N$6*O14,"-") -> - | BE14: =BD14*BC14*BB14/1000000 -> #VALUE! | BF14: =IF($G14="玻璃",K14,"-") -> - | BI14: =IF($G14="铝板",$H$7,"-") -> - | BJ14: =IF($G14="铝板",J14,"-") -> - | BK14: =IF($G14="铝板",H14,"-") -> - | BL14: =IF($G14="铝板",M14,"-") -> - | BM14: =IF($G14="铝板",L14,"-") -> - | BN14: =IF($G14="铝板",$N$6*O14,"-") -> - | BO14: =BN14*BM14*BL14/1000000 -> #VALUE! | BP14: =IF($G14="铝板",K14,"-") -> - | BS14: =IF($G14="铁皮",$H$7,"-") -> - | BT14: =IF($G14="铁皮",J14,"-") -> - | BU14: =IF($G14="铁皮",H14,"-") -> - | BV14: =IF($G14="铁皮",M14,"-") -> - | BW14: =IF($G14="铁皮",L14,"-") -> - | BX14: =IF($G14="铁皮",$N$6*O14,"-") -> - | BY14: =BX14*BW14*BV14/1000000 -> #VALUE! | BZ14: =IF($G14="铁皮",K14,"-") -> - | CC14: =IF(G14="钢材",$H$7,"-") -> - | CD14: =IF(G14="钢材",J14,"-") -> - | CE14: =IF(G14="钢材",H14,"-") -> - | CF14: =IF(G14="钢材",L14,"-") -> - | CH14: =IF(G14="钢材",$N$6*O14,"-") -> - | CJ14: =IF(G14="钢材",K14,"-") -> - | CK14: =IF(G14="钢材",Q14,"-") -> -
B15: =IF(G15<>G14,B14+1,B14) -> 5 | C15: =IF(G15<>G14,1,C14+1) -> 2 | D15: =IF(G15="","",IFERROR(IF(AND(B15<>"",C15<>""),B15&"."&C15,""),"")) -> 5.2 | E15: 7 | F15: 6 | G15: 型材 | H15: 角铝 | I15: J55X20X3 | J15: J55X20X3-02 | K15: J55X20X3-02 | L15: 1305 | M15: 55 | N15: 20 | O15: 1 | P15: 支 | R15: {=IFERROR(INDEX(板块数量!$B$2:$B$118,MATCH(0,IF((板块数量!$A$2:$A$118=$K$5)*(板块数量!$B$2:$B$118<>""),COUNTIF($R$8:R14,板块数量!$B$2:$B$118),1),0)),"")} -> L11-87 | W15: =IF(OR(G15="型材",G15="尼龙"),H15,"-") -> 角铝 | X15: =IF(OR(G15="型材",G15="尼龙"),I15,"-") -> J55X20X3 | Y15: =IF(OR(G15="型材",G15="尼龙"),L15,"-") -> 1305 | Z15: =IF(OR(G15="型材",G15="尼龙"),K15,"-") -> J55X20X3-02 | AA15: =IF(OR(G15="型材",G15="尼龙"),$N$6*O15,"-") -> 14 | AF15: =IF(OR(G15="型材",G15="尼龙"),H15,"-") -> 角铝 | AG15: =IF(OR(G15="型材",G15="尼龙"),I15,"-") -> J55X20X3 | AI15: =IF(OR(G15="型材",G15="尼龙"),L15,"-") -> 1305 | AK15: =IF(OR(G15="型材",G15="尼龙"),$N$6*O15,"-") -> 14 | AP15: =IF($G15="配件",I15,"-") -> - | AQ15: =IF($G15="配件",H15,"-") -> - | AS15: =IF(OR(H15="泡沫条",H15="胶条"),$N$6*L15*O15/1000,IF(OR(H15="双面贴",H15="胶带"),L15*O15/1000,IF(AP15<>"-",$N$6*O15,"-"))) -> - | AT15: =IF(OR(H15="胶条",H15="泡沫条",H15="双面贴",H15="胶带"),"米",IF(AP15<>"-",P15,"-")) -> - | AY15: =IF($G15="玻璃",$H$7,"-") -> - | AZ15: =IF($G15="玻璃",J15,"-") -> - | BB15: =IF($G15="玻璃",M15,"-") -> - | BC15: =IF($G15="玻璃",L15,"-") -> - | BD15: =IF($G15="玻璃",$N$6*O15,"-") -> - | BE15: =BD15*BC15*BB15/1000000 -> #VALUE! | BF15: =IF($G15="玻璃",K15,"-") -> - | BI15: =IF($G15="铝板",$H$7,"-") -> - | BJ15: =IF($G15="铝板",J15,"-") -> - | BK15: =IF($G15="铝板",H15,"-") -> - | BL15: =IF($G15="铝板",M15,"-") -> - | BM15: =IF($G15="铝板",L15,"-") -> - | BN15: =IF($G15="铝板",$N$6*O15,"-") -> - | BO15: =BN15*BM15*BL15/1000000 -> #VALUE! | BP15: =IF($G15="铝板",K15,"-") -> - | BS15: =IF($G15="铁皮",$H$7,"-") -> - | BT15: =IF($G15="铁皮",J15,"-") -> - | BU15: =IF($G15="铁皮",H15,"-") -> - | BV15: =IF($G15="铁皮",M15,"-") -> - | BW15: =IF($G15="铁皮",L15,"-") -> - | BX15: =IF($G15="铁皮",$N$6*O15,"-") -> - | BY15: =BX15*BW15*BV15/1000000 -> #VALUE! | BZ15: =IF($G15="铁皮",K15,"-") -> - | CC15: =IF(G15="钢材",$H$7,"-") -> - | CD15: =IF(G15="钢材",J15,"-") -> - | CE15: =IF(G15="钢材",H15,"-") -> - | CF15: =IF(G15="钢材",L15,"-") -> - | CH15: =IF(G15="钢材",$N$6*O15,"-") -> - | CJ15: =IF(G15="钢材",K15,"-") -> - | CK15: =IF(G15="钢材",Q15,"-") -> -
B16: =IF(G16<>G15,B15+1,B15) -> 5 | C16: =IF(G16<>G15,1,C15+1) -> 3 | D16: =IF(G16="","",IFERROR(IF(AND(B16<>"",C16<>""),B16&"."&C16,""),"")) -> 5.3 | E16: 8 | F16: 7 | G16: 型材 | H16: 角铝 | I16: J25X19X3 | J16: J25X19X3-06 | K16: J25X19X3-06 | L16: 1305 | M16: 19 | N16: 25 | O16: 1 | P16: 支 | R16: {=IFERROR(INDEX(板块数量!$B$2:$B$118,MATCH(0,IF((板块数量!$A$2:$A$118=$K$5)*(板块数量!$B$2:$B$118<>""),COUNTIF($R$8:R15,板块数量!$B$2:$B$118),1),0)),"")} -> L11-88 | W16: =IF(OR(G16="型材",G16="尼龙"),H16,"-") -> 角铝 | X16: =IF(OR(G16="型材",G16="尼龙"),I16,"-") -> J25X19X3 | Y16: =IF(OR(G16="型材",G16="尼龙"),L16,"-") -> 1305 | Z16: =IF(OR(G16="型材",G16="尼龙"),K16,"-") -> J25X19X3-06 | AA16: =IF(OR(G16="型材",G16="尼龙"),$N$6*O16,"-") -> 14 | AF16: =IF(OR(G16="型材",G16="尼龙"),H16,"-") -> 角铝 | AG16: =IF(OR(G16="型材",G16="尼龙"),I16,"-") -> J25X19X3 | AI16: =IF(OR(G16="型材",G16="尼龙"),L16,"-") -> 1305 | AK16: =IF(OR(G16="型材",G16="尼龙"),$N$6*O16,"-") -> 14 | AP16: =IF($G16="配件",I16,"-") -> - | AQ16: =IF($G16="配件",H16,"-") -> - | AS16: =IF(OR(H16="泡沫条",H16="胶条"),$N$6*L16*O16/1000,IF(OR(H16="双面贴",H16="胶带"),L16*O16/1000,IF(AP16<>"-",$N$6*O16,"-"))) -> - | AT16: =IF(OR(H16="胶条",H16="泡沫条",H16="双面贴",H16="胶带"),"米",IF(AP16<>"-",P16,"-")) -> - | AY16: =IF($G16="玻璃",$H$7,"-") -> - | AZ16: =IF($G16="玻璃",J16,"-") -> - | BB16: =IF($G16="玻璃",M16,"-") -> - | BC16: =IF($G16="玻璃",L16,"-") -> - | BD16: =IF($G16="玻璃",$N$6*O16,"-") -> - | BE16: =BD16*BC16*BB16/1000000 -> #VALUE! | BF16: =IF($G16="玻璃",K16,"-") -> - | BI16: =IF($G16="铝板",$H$7,"-") -> - | BJ16: =IF($G16="铝板",J16,"-") -> - | BK16: =IF($G16="铝板",H16,"-") -> - | BL16: =IF($G16="铝板",M16,"-") -> - | BM16: =IF($G16="铝板",L16,"-") -> - | BN16: =IF($G16="铝板",$N$6*O16,"-") -> - | BO16: =BN16*BM16*BL16/1000000 -> #VALUE! | BP16: =IF($G16="铝板",K16,"-") -> - | BS16: =IF($G16="铁皮",$H$7,"-") -> - | BT16: =IF($G16="铁皮",J16,"-") -> - | BU16: =IF($G16="铁皮",H16,"-") -> - | BV16: =IF($G16="铁皮",M16,"-") -> - | BW16: =IF($G16="铁皮",L16,"-") -> - | BX16: =IF($G16="铁皮",$N$6*O16,"-") -> - | BY16: =BX16*BW16*BV16/1000000 -> #VALUE! | BZ16: =IF($G16="铁皮",K16,"-") -> - | CC16: =IF(G16="钢材",$H$7,"-") -> - | CD16: =IF(G16="钢材",J16,"-") -> - | CE16: =IF(G16="钢材",H16,"-") -> - | CF16: =IF(G16="钢材",L16,"-") -> - | CH16: =IF(G16="钢材",$N$6*O16,"-") -> - | CJ16: =IF(G16="钢材",K16,"-") -> - | CK16: =IF(G16="钢材",Q16,"-") -> -
B17: =IF(G17<>G16,B16+1,B16) -> 5 | C17: =IF(G17<>G16,1,C16+1) -> 4 | D17: =IF(G17="","",IFERROR(IF(AND(B17<>"",C17<>""),B17&"."&C17,""),"")) -> 5.4 | E17: 9 | F17: 8 | G17: 型材 | H17: 角铝 | I17: J25X19X3 | J17: J25X19X3-05 | K17: J25X19X3-05 | L17: 601.9 | M17: 19 | N17: 25 | O17: 1 | P17: 支 | R17: {=IFERROR(INDEX(板块数量!$B$2:$B$118,MATCH(0,IF((板块数量!$A$2:$A$118=$K$5)*(板块数量!$B$2:$B$118<>""),COUNTIF($R$8:R16,板块数量!$B$2:$B$118),1),0)),"")} -> L11-89 | W17: =IF(OR(G17="型材",G17="尼龙"),H17,"-") -> 角铝 | X17: =IF(OR(G17="型材",G17="尼龙"),I17,"-") -> J25X19X3 | Y17: =IF(OR(G17="型材",G17="尼龙"),L17,"-") -> 601.9 | Z17: =IF(OR(G17="型材",G17="尼龙"),K17,"-") -> J25X19X3-05 | AA17: =IF(OR(G17="型材",G17="尼龙"),$N$6*O17,"-") -> 14 | AF17: =IF(OR(G17="型材",G17="尼龙"),H17,"-") -> 角铝 | AG17: =IF(OR(G17="型材",G17="尼龙"),I17,"-") -> J25X19X3 | AI17: =IF(OR(G17="型材",G17="尼龙"),L17,"-") -> 601.9 | AK17: =IF(OR(G17="型材",G17="尼龙"),$N$6*O17,"-") -> 14 | AP17: =IF($G17="配件",I17,"-") -> - | AQ17: =IF($G17="配件",H17,"-") -> - | AS17: =IF(OR(H17="泡沫条",H17="胶条"),$N$6*L17*O17/1000,IF(OR(H17="双面贴",H17="胶带"),L17*O17/1000,IF(AP17<>"-",$N$6*O17,"-"))) -> - | AT17: =IF(OR(H17="胶条",H17="泡沫条",H17="双面贴",H17="胶带"),"米",IF(AP17<>"-",P17,"-")) -> - | AY17: =IF($G17="玻璃",$H$7,"-") -> - | AZ17: =IF($G17="玻璃",J17,"-") -> - | BB17: =IF($G17="玻璃",M17,"-") -> - | BC17: =IF($G17="玻璃",L17,"-") -> - | BD17: =IF($G17="玻璃",$N$6*O17,"-") -> - | BE17: =BD17*BC17*BB17/1000000 -> #VALUE! | BF17: =IF($G17="玻璃",K17,"-") -> - | BI17: =IF($G17="铝板",$H$7,"-") -> - | BJ17: =IF($G17="铝板",J17,"-") -> - | BK17: =IF($G17="铝板",H17,"-") -> - | BL17: =IF($G17="铝板",M17,"-") -> - | BM17: =IF($G17="铝板",L17,"-") -> - | BN17: =IF($G17="铝板",$N$6*O17,"-") -> - | BO17: =BN17*BM17*BL17/1000000 -> #VALUE! | BP17: =IF($G17="铝板",K17,"-") -> - | BS17: =IF($G17="铁皮",$H$7,"-") -> - | BT17: =IF($G17="铁皮",J17,"-") -> - | BU17: =IF($G17="铁皮",H17,"-") -> - | BV17: =IF($G17="铁皮",M17,"-") -> - | BW17: =IF($G17="铁皮",L17,"-") -> - | BX17: =IF($G17="铁皮",$N$6*O17,"-") -> - | BY17: =BX17*BW17*BV17/1000000 -> #VALUE! | BZ17: =IF($G17="铁皮",K17,"-") -> - | CC17: =IF(G17="钢材",$H$7,"-") -> - | CD17: =IF(G17="钢材",J17,"-") -> - | CE17: =IF(G17="钢材",H17,"-") -> - | CF17: =IF(G17="钢材",L17,"-") -> - | CH17: =IF(G17="钢材",$N$6*O17,"-") -> - | CJ17: =IF(G17="钢材",K17,"-") -> - | CK17: =IF(G17="钢材",Q17,"-") -> -
B18: =IF(G18<>G17,B17+1,B17) -> 5 | C18: =IF(G18<>G17,1,C17+1) -> 5 | D18: =IF(G18="","",IFERROR(IF(AND(B18<>"",C18<>""),B18&"."&C18,""),"")) -> 5.5 | E18: 10 | F18: 9 | G18: 型材 | H18: 角铝 | I18: J25X19X3 | J18: J25X19X3-04 | K18: J25X19X3-04 | L18: 869 | M18: 19 | N18: 25 | O18: 1 | P18: 支 | R18: {=IFERROR(INDEX(板块数量!$B$2:$B$118,MATCH(0,IF((板块数量!$A$2:$A$118=$K$5)*(板块数量!$B$2:$B$118<>""),COUNTIF($R$8:R17,板块数量!$B$2:$B$118),1),0)),"")} -> L11-90 | W18: =IF(OR(G18="型材",G18="尼龙"),H18,"-") -> 角铝 | X18: =IF(OR(G18="型材",G18="尼龙"),I18,"-") -> J25X19X3 | Y18: =IF(OR(G18="型材",G18="尼龙"),L18,"-") -> 869 | Z18: =IF(OR(G18="型材",G18="尼龙"),K18,"-") -> J25X19X3-04 | AA18: =IF(OR(G18="型材",G18="尼龙"),$N$6*O18,"-") -> 14 | AF18: =IF(OR(G18="型材",G18="尼龙"),H18,"-") -> 角铝 | AG18: =IF(OR(G18="型材",G18="尼龙"),I18,"-") -> J25X19X3 | AI18: =IF(OR(G18="型材",G18="尼龙"),L18,"-") -> 869 | AK18: =IF(OR(G18="型材",G18="尼龙"),$N$6*O18,"-") -> 14 | AP18: =IF($G18="配件",I18,"-") -> - | AQ18: =IF($G18="配件",H18,"-") -> - | AS18: =IF(OR(H18="泡沫条",H18="胶条"),$N$6*L18*O18/1000,IF(OR(H18="双面贴",H18="胶带"),L18*O18/1000,IF(AP18<>"-",$N$6*O18,"-"))) -> - | AT18: =IF(OR(H18="胶条",H18="泡沫条",H18="双面贴",H18="胶带"),"米",IF(AP18<>"-",P18,"-")) -> - | AY18: =IF($G18="玻璃",$H$7,"-") -> - | AZ18: =IF($G18="玻璃",J18,"-") -> - | BB18: =IF($G18="玻璃",M18,"-") -> - | BC18: =IF($G18="玻璃",L18,"-") -> - | BD18: =IF($G18="玻璃",$N$6*O18,"-") -> - | BE18: =BD18*BC18*BB18/1000000 -> #VALUE! | BF18: =IF($G18="玻璃",K18,"-") -> - | BI18: =IF($G18="铝板",$H$7,"-") -> - | BJ18: =IF($G18="铝板",J18,"-") -> - | BK18: =IF($G18="铝板",H18,"-") -> - | BL18: =IF($G18="铝板",M18,"-") -> - | BM18: =IF($G18="铝板",L18,"-") -> - | BN18: =IF($G18="铝板",$N$6*O18,"-") -> - | BO18: =BN18*BM18*BL18/1000000 -> #VALUE! | BP18: =IF($G18="铝板",K18,"-") -> - | BS18: =IF($G18="铁皮",$H$7,"-") -> - | BT18: =IF($G18="铁皮",J18,"-") -> - | BU18: =IF($G18="铁皮",H18,"-") -> - | BV18: =IF($G18="铁皮",M18,"-") -> - | BW18: =IF($G18="铁皮",L18,"-") -> - | BX18: =IF($G18="铁皮",$N$6*O18,"-") -> - | BY18: =BX18*BW18*BV18/1000000 -> #VALUE! | BZ18: =IF($G18="铁皮",K18,"-") -> - | CC18: =IF(G18="钢材",$H$7,"-") -> - | CD18: =IF(G18="钢材",J18,"-") -> - | CE18: =IF(G18="钢材",H18,"-") -> - | CF18: =IF(G18="钢材",L18,"-") -> - | CH18: =IF(G18="钢材",$N$6*O18,"-") -> - | CJ18: =IF(G18="钢材",K18,"-") -> - | CK18: =IF(G18="钢材",Q18,"-") -> -
B19: =IF(G19<>G18,B18+1,B18) -> 5 | C19: =IF(G19<>G18,1,C18+1) -> 6 | D19: =IF(G19="","",IFERROR(IF(AND(B19<>"",C19<>""),B19&"."&C19,""),"")) -> 5.6 | E19: 11 | F19: 10 | G19: 型材 | H19: 角铝 | I19: J25X19X3 | J19: J25X19X3-03 | K19: J25X19X3-03 | L19: 869 | M19: 19 | N19: 25 | O19: 1 | P19: 支 | R19: {=IFERROR(INDEX(板块数量!$B$2:$B$118,MATCH(0,IF((板块数量!$A$2:$A$118=$K$5)*(板块数量!$B$2:$B$118<>""),COUNTIF($R$8:R18,板块数量!$B$2:$B$118),1),0)),"")} -> L11-91 | W19: =IF(OR(G19="型材",G19="尼龙"),H19,"-") -> 角铝 | X19: =IF(OR(G19="型材",G19="尼龙"),I19,"-") -> J25X19X3 | Y19: =IF(OR(G19="型材",G19="尼龙"),L19,"-") -> 869 | Z19: =IF(OR(G19="型材",G19="尼龙"),K19,"-") -> J25X19X3-03 | AA19: =IF(OR(G19="型材",G19="尼龙"),$N$6*O19,"-") -> 14 | AF19: =IF(OR(G19="型材",G19="尼龙"),H19,"-") -> 角铝 | AG19: =IF(OR(G19="型材",G19="尼龙"),I19,"-") -> J25X19X3 | AI19: =IF(OR(G19="型材",G19="尼龙"),L19,"-") -> 869 | AK19: =IF(OR(G19="型材",G19="尼龙"),$N$6*O19,"-") -> 14 | AP19: =IF($G19="配件",I19,"-") -> - | AQ19: =IF($G19="配件",H19,"-") -> - | AS19: =IF(OR(H19="泡沫条",H19="胶条"),$N$6*L19*O19/1000,IF(OR(H19="双面贴",H19="胶带"),L19*O19/1000,IF(AP19<>"-",$N$6*O19,"-"))) -> - | AT19: =IF(OR(H19="胶条",H19="泡沫条",H19="双面贴",H19="胶带"),"米",IF(AP19<>"-",P19,"-")) -> - | AY19: =IF($G19="玻璃",$H$7,"-") -> - | AZ19: =IF($G19="玻璃",J19,"-") -> - | BB19: =IF($G19="玻璃",M19,"-") -> - | BC19: =IF($G19="玻璃",L19,"-") -> - | BD19: =IF($G19="玻璃",$N$6*O19,"-") -> - | BE19: =BD19*BC19*BB19/1000000 -> #VALUE! | BF19: =IF($G19="玻璃",K19,"-") -> - | BI19: =IF($G19="铝板",$H$7,"-") -> - | BJ19: =IF($G19="铝板",J19,"-") -> - | BK19: =IF($G19="铝板",H19,"-") -> - | BL19: =IF($G19="铝板",M19,"-") -> - | BM19: =IF($G19="铝板",L19,"-") -> - | BN19: =IF($G19="铝板",$N$6*O19,"-") -> - | BO19: =BN19*BM19*BL19/1000000 -> #VALUE! | BP19: =IF($G19="铝板",K19,"-") -> - | BS19: =IF($G19="铁皮",$H$7,"-") -> - | BT19: =IF($G19="铁皮",J19,"-") -> - | BU19: =IF($G19="铁皮",H19,"-") -> - | BV19: =IF($G19="铁皮",M19,"-") -> - | BW19: =IF($G19="铁皮",L19,"-") -> - | BX19: =IF($G19="铁皮",$N$6*O19,"-") -> - | BY19: =BX19*BW19*BV19/1000000 -> #VALUE! | BZ19: =IF($G19="铁皮",K19,"-") -> - | CC19: =IF(G19="钢材",$H$7,"-") -> - | CD19: =IF(G19="钢材",J19,"-") -> - | CE19: =IF(G19="钢材",H19,"-") -> - | CF19: =IF(G19="钢材",L19,"-") -> - | CH19: =IF(G19="钢材",$N$6*O19,"-") -> - | CJ19: =IF(G19="钢材",K19,"-") -> - | CK19: =IF(G19="钢材",Q19,"-") -> -
B20: =IF(G20<>G19,B19+1,B19) -> 5 | C20: =IF(G20<>G19,1,C19+1) -> 7 | D20: =IF(G20="","",IFERROR(IF(AND(B20<>"",C20<>""),B20&"."&C20,""),"")) -> 5.7 | E20: 12 | F20: 11 | G20: 型材 | H20: 角铝 | I20: J25X19X3 | J20: J25X19X3-02 | K20: J25X19X3-02 | L20: 601.9 | M20: 19 | N20: 25 | O20: 1 | P20: 支 | R20: {=IFERROR(INDEX(板块数量!$B$2:$B$118,MATCH(0,IF((板块数量!$A$2:$A$118=$K$5)*(板块数量!$B$2:$B$118<>""),COUNTIF($R$8:R19,板块数量!$B$2:$B$118),1),0)),"")} -> L11-93 | W20: =IF(OR(G20="型材",G20="尼龙"),H20,"-") -> 角铝 | X20: =IF(OR(G20="型材",G20="尼龙"),I20,"-") -> J25X19X3 | Y20: =IF(OR(G20="型材",G20="尼龙"),L20,"-") -> 601.9 | Z20: =IF(OR(G20="型材",G20="尼龙"),K20,"-") -> J25X19X3-02 | AA20: =IF(OR(G20="型材",G20="尼龙"),$N$6*O20,"-") -> 14 | AF20: =IF(OR(G20="型材",G20="尼龙"),H20,"-") -> 角铝 | AG20: =IF(OR(G20="型材",G20="尼龙"),I20,"-") -> J25X19X3 | AI20: =IF(OR(G20="型材",G20="尼龙"),L20,"-") -> 601.9 | AK20: =IF(OR(G20="型材",G20="尼龙"),$N$6*O20,"-") -> 14 | AP20: =IF($G20="配件",I20,"-") -> - | AQ20: =IF($G20="配件",H20,"-") -> - | AS20: =IF(OR(H20="泡沫条",H20="胶条"),$N$6*L20*O20/1000,IF(OR(H20="双面贴",H20="胶带"),L20*O20/1000,IF(AP20<>"-",$N$6*O20,"-"))) -> - | AT20: =IF(OR(H20="胶条",H20="泡沫条",H20="双面贴",H20="胶带"),"米",IF(AP20<>"-",P20,"-")) -> - | AY20: =IF($G20="玻璃",$H$7,"-") -> - | AZ20: =IF($G20="玻璃",J20,"-") -> - | BB20: =IF($G20="玻璃",M20,"-") -> - | BC20: =IF($G20="玻璃",L20,"-") -> - | BD20: =IF($G20="玻璃",$N$6*O20,"-") -> - | BE20: =BD20*BC20*BB20/1000000 -> #VALUE! | BF20: =IF($G20="玻璃",K20,"-") -> - | BI20: =IF($G20="铝板",$H$7,"-") -> - | BJ20: =IF($G20="铝板",J20,"-") -> - | BK20: =IF($G20="铝板",H20,"-") -> - | BL20: =IF($G20="铝板",M20,"-") -> - | BM20: =IF($G20="铝板",L20,"-") -> - | BN20: =IF($G20="铝板",$N$6*O20,"-") -> - | BO20: =BN20*BM20*BL20/1000000 -> #VALUE! | BP20: =IF($G20="铝板",K20,"-") -> - | BS20: =IF($G20="铁皮",$H$7,"-") -> - | BT20: =IF($G20="铁皮",J20,"-") -> - | BU20: =IF($G20="铁皮",H20,"-") -> - | BV20: =IF($G20="铁皮",M20,"-") -> - | BW20: =IF($G20="铁皮",L20,"-") -> - | BX20: =IF($G20="铁皮",$N$6*O20,"-") -> - | BY20: =BX20*BW20*BV20/1000000 -> #VALUE! | BZ20: =IF($G20="铁皮",K20,"-") -> - | CC20: =IF(G20="钢材",$H$7,"-") -> - | CD20: =IF(G20="钢材",J20,"-") -> - | CE20: =IF(G20="钢材",H20,"-") -> - | CF20: =IF(G20="钢材",L20,"-") -> - | CH20: =IF(G20="钢材",$N$6*O20,"-") -> - | CJ20: =IF(G20="钢材",K20,"-") -> - | CK20: =IF(G20="钢材",Q20,"-") -> -
B21: =IF(G21<>G20,B20+1,B20) -> 5 | C21: =IF(G21<>G20,1,C20+1) -> 8 | D21: =IF(G21="","",IFERROR(IF(AND(B21<>"",C21<>""),B21&"."&C21,""),"")) -> 5.8 | E21: 13 | F21: 12 | G21: 型材 | H21: 竖向护边 | I21: DCC154H-511-LL | J21: CW154H-511-03 | K21: CW154H-511-03 | L21: 3760 | M21: 4.8 | N21: 15 | O21: 2 | P21: 支 | R21: {=IFERROR(INDEX(板块数量!$B$2:$B$118,MATCH(0,IF((板块数量!$A$2:$A$118=$K$5)*(板块数量!$B$2:$B$118<>""),COUNTIF($R$8:R20,板块数量!$B$2:$B$118),1),0)),"")} -> L11-94 | W21: =IF(OR(G21="型材",G21="尼龙"),H21,"-") -> 竖向护边 | X21: =IF(OR(G21="型材",G21="尼龙"),I21,"-") -> DCC154H-511-LL | Y21: =IF(OR(G21="型材",G21="尼龙"),L21,"-") -> 3760 | Z21: =IF(OR(G21="型材",G21="尼龙"),K21,"-") -> CW154H-511-03 | AA21: =IF(OR(G21="型材",G21="尼龙"),$N$6*O21,"-") -> 28 | AF21: =IF(OR(G21="型材",G21="尼龙"),H21,"-") -> 竖向护边 | AG21: =IF(OR(G21="型材",G21="尼龙"),I21,"-") -> DCC154H-511-LL | AI21: =IF(OR(G21="型材",G21="尼龙"),L21,"-") -> 3760 | AK21: =IF(OR(G21="型材",G21="尼龙"),$N$6*O21,"-") -> 28 | AP21: =IF($G21="配件",I21,"-") -> - | AQ21: =IF($G21="配件",H21,"-") -> - | AS21: =IF(OR(H21="泡沫条",H21="胶条"),$N$6*L21*O21/1000,IF(OR(H21="双面贴",H21="胶带"),L21*O21/1000,IF(AP21<>"-",$N$6*O21,"-"))) -> - | AT21: =IF(OR(H21="胶条",H21="泡沫条",H21="双面贴",H21="胶带"),"米",IF(AP21<>"-",P21,"-")) -> - | AY21: =IF($G21="玻璃",$H$7,"-") -> - | AZ21: =IF($G21="玻璃",J21,"-") -> - | BB21: =IF($G21="玻璃",M21,"-") -> - | BC21: =IF($G21="玻璃",L21,"-") -> - | BD21: =IF($G21="玻璃",$N$6*O21,"-") -> - | BE21: =BD21*BC21*BB21/1000000 -> #VALUE! | BF21: =IF($G21="玻璃",K21,"-") -> - | BI21: =IF($G21="铝板",$H$7,"-") -> - | BJ21: =IF($G21="铝板",J21,"-") -> - | BK21: =IF($G21="铝板",H21,"-") -> - | BL21: =IF($G21="铝板",M21,"-") -> - | BM21: =IF($G21="铝板",L21,"-") -> - | BN21: =IF($G21="铝板",$N$6*O21,"-") -> - | BO21: =BN21*BM21*BL21/1000000 -> #VALUE! | BP21: =IF($G21="铝板",K21,"-") -> - | BS21: =IF($G21="铁皮",$H$7,"-") -> - | BT21: =IF($G21="铁皮",J21,"-") -> - | BU21: =IF($G21="铁皮",H21,"-") -> - | BV21: =IF($G21="铁皮",M21,"-") -> - | BW21: =IF($G21="铁皮",L21,"-") -> - | BX21: =IF($G21="铁皮",$N$6*O21,"-") -> - | BY21: =BX21*BW21*BV21/1000000 -> #VALUE! | BZ21: =IF($G21="铁皮",K21,"-") -> - | CC21: =IF(G21="钢材",$H$7,"-") -> - | CD21: =IF(G21="钢材",J21,"-") -> - | CE21: =IF(G21="钢材",H21,"-") -> - | CF21: =IF(G21="钢材",L21,"-") -> - | CH21: =IF(G21="钢材",$N$6*O21,"-") -> - | CJ21: =IF(G21="钢材",K21,"-") -> - | CK21: =IF(G21="钢材",Q21,"-") -> -
... B35: =IF(G35<>G34,B34+1,B34) -> 5 | C35: =IF(G35<>G34,1,C34+1) -> 22 | D35: =IF(G35="","",IFERROR(IF(AND(B35<>"",C35<>""),B35&"."&C35,""),"")) -> 5.22 | E35: 27 | F35: 26 | G35: 型材 | H35: 50x4垫片 | I35: B50X4 | J35: B50X4-01 | K35: B50X4-01 | L35: 250 | M35: 50 | N35: 4 | O35: 2 | P35: 支 | R35: {=IFERROR(INDEX(板块数量!$B$2:$B$118,MATCH(0,IF((板块数量!$A$2:$A$118=$K$5)*(板块数量!$B$2:$B$118<>""),COUNTIF($R$8:R34,板块数量!$B$2:$B$118),1),0)),"")} | W35: =IF(OR(G35="型材",G35="尼龙"),H35,"-") -> 50x4垫片 | X35: =IF(OR(G35="型材",G35="尼龙"),I35,"-") -> B50X4 | Y35: =IF(OR(G35="型材",G35="尼龙"),L35,"-") -> 250 | Z35: =IF(OR(G35="型材",G35="尼龙"),K35,"-") -> B50X4-01 | AA35: =IF(OR(G35="型材",G35="尼龙"),$N$6*O35,"-") -> 28 | AF35: =IF(OR(G35="型材",G35="尼龙"),H35,"-") -> 50x4垫片 | AG35: =IF(OR(G35="型材",G35="尼龙"),I35,"-") -> B50X4 | AI35: =IF(OR(G35="型材",G35="尼龙"),L35,"-") -> 250 | AK35: =IF(OR(G35="型材",G35="尼龙"),$N$6*O35,"-") -> 28 | AP35: =IF($G35="配件",I35,"-") -> - | AQ35: =IF($G35="配件",H35,"-") -> - | AS35: =IF(OR(H35="泡沫条",H35="胶条"),$N$6*L35*O35/1000,IF(OR(H35="双面贴",H35="胶带"),L35*O35/1000,IF(AP35<>"-",$N$6*O35,"-"))) -> - | AT35: =IF(OR(H35="胶条",H35="泡沫条",H35="双面贴",H35="胶带"),"米",IF(AP35<>"-",P35,"-")) -> - | AY35: =IF($G35="玻璃",$H$7,"-") -> - | AZ35: =IF($G35="玻璃",J35,"-") -> - | BB35: =IF($G35="玻璃",M35,"-") -> - | BC35: =IF($G35="玻璃",L35,"-") -> - | BD35: =IF($G35="玻璃",$N$6*O35,"-") -> - | BE35: =BD35*BC35*BB35/1000000 -> #VALUE! | BF35: =IF($G35="玻璃",K35,"-") -> - | BI35: =IF($G35="铝板",$H$7,"-") -> - | BJ35: =IF($G35="铝板",J35,"-") -> - | BK35: =IF($G35="铝板",H35,"-") -> - | BL35: =IF($G35="铝板",M35,"-") -> - | BM35: =IF($G35="铝板",L35,"-") -> - | BN35: =IF($G35="铝板",$N$6*O35,"-") -> - | BO35: =BN35*BM35*BL35/1000000 -> #VALUE! | BP35: =IF($G35="铝板",K35,"-") -> - | BS35: =IF($G35="铁皮",$H$7,"-") -> - | BT35: =IF($G35="铁皮",J35,"-") -> - | BU35: =IF($G35="铁皮",H35,"-") -> - | BV35: =IF($G35="铁皮",M35,"-") -> - | BW35: =IF($G35="铁皮",L35,"-") -> - | BX35: =IF($G35="铁皮",$N$6*O35,"-") -> - | BY35: =BX35*BW35*BV35/1000000 -> #VALUE! | BZ35: =IF($G35="铁皮",K35,"-") -> - | CC35: =IF(G35="钢材",$H$7,"-") -> - | CD35: =IF(G35="钢材",J35,"-") -> - | CE35: =IF(G35="钢材",H35,"-") -> - | CF35: =IF(G35="钢材",L35,"-") -> - | CH35: =IF(G35="钢材",$N$6*O35,"-") -> - | CJ35: =IF(G35="钢材",K35,"-") -> - | CK35: =IF(G35="钢材",Q35,"-") -> -
B36: =IF(G36<>G35,B35+1,B35) -> 6 | C36: =IF(G36<>G35,1,C35+1) -> 1 | D36: =IF(G36="","",IFERROR(IF(AND(B36<>"",C36<>""),B36&"."&C36,""),"")) | E36: 28 | F36: 27 | R36: {=IFERROR(INDEX(板块数量!$B$2:$B$118,MATCH(0,IF((板块数量!$A$2:$A$118=$K$5)*(板块数量!$B$2:$B$118<>""),COUNTIF($R$8:R35,板块数量!$B$2:$B$118),1),0)),"")} | W36: =IF(OR(G36="型材",G36="尼龙"),H36,"-") -> - | X36: =IF(OR(G36="型材",G36="尼龙"),I36,"-") -> - | Y36: =IF(OR(G36="型材",G36="尼龙"),L36,"-") -> - | Z36: =IF(OR(G36="型材",G36="尼龙"),K36,"-") -> - | AA36: =IF(OR(G36="型材",G36="尼龙"),$N$6*O36,"-") -> - | AF36: =IF(OR(G36="型材",G36="尼龙"),H36,"-") -> - | AG36: =IF(OR(G36="型材",G36="尼龙"),I36,"-") -> - | AI36: =IF(OR(G36="型材",G36="尼龙"),L36,"-") -> - | AK36: =IF(OR(G36="型材",G36="尼龙"),$N$6*O36,"-") -> - | AP36: =IF($G36="配件",I36,"-") -> - | AQ36: =IF($G36="配件",H36,"-") -> - | AS36: =IF(OR(H36="泡沫条",H36="胶条"),$N$6*L36*O36/1000,IF(OR(H36="双面贴",H36="胶带"),L36*O36/1000,IF(AP36<>"-",$N$6*O36,"-"))) -> - | AT36: =IF(OR(H36="胶条",H36="泡沫条",H36="双面贴",H36="胶带"),"米",IF(AP36<>"-",P36,"-")) -> - | AY36: =IF($G36="玻璃",$H$7,"-") -> - | AZ36: =IF($G36="玻璃",J36,"-") -> - | BB36: =IF($G36="玻璃",M36,"-") -> - | BC36: =IF($G36="玻璃",L36,"-") -> - | BD36: =IF($G36="玻璃",$N$6*O36,"-") -> - | BE36: =BD36*BC36*BB36/1000000 -> #VALUE! | BF36: =IF($G36="玻璃",K36,"-") -> - | BI36: =IF($G36="铝板",$H$7,"-") -> - | BJ36: =IF($G36="铝板",J36,"-") -> - | BK36: =IF($G36="铝板",H36,"-") -> - | BL36: =IF($G36="铝板",M36,"-") -> - | BM36: =IF($G36="铝板",L36,"-") -> - | BN36: =IF($G36="铝板",$N$6*O36,"-") -> - | BO36: =BN36*BM36*BL36/1000000 -> #VALUE! | BP36: =IF($G36="铝板",K36,"-") -> - | BS36: =IF($G36="铁皮",$H$7,"-") -> - | BT36: =IF($G36="铁皮",J36,"-") -> - | BU36: =IF($G36="铁皮",H36,"-") -> - | BV36: =IF($G36="铁皮",M36,"-") -> - | BW36: =IF($G36="铁皮",L36,"-") -> - | BX36: =IF($G36="铁皮",$N$6*O36,"-") -> - | BY36: =BX36*BW36*BV36/1000000 -> #VALUE! | BZ36: =IF($G36="铁皮",K36,"-") -> - | CC36: =IF(G36="钢材",$H$7,"-") -> - | CD36: =IF(G36="钢材",J36,"-") -> - | CE36: =IF(G36="钢材",H36,"-") -> - | CF36: =IF(G36="钢材",L36,"-") -> - | CH36: =IF(G36="钢材",$N$6*O36,"-") -> - | CJ36: =IF(G36="钢材",K36,"-") -> - | CK36: =IF(G36="钢材",Q36,"-") -> -
B37: =IF(G37<>G36,B36+1,B36) -> 6 | C37: =IF(G37<>G36,1,C36+1) -> 2 | D37: =IF(G37="","",IFERROR(IF(AND(B37<>"",C37<>""),B37&"."&C37,""),"")) | E37: 29 | F37: 28 | R37: {=IFERROR(INDEX(板块数量!$B$2:$B$118,MATCH(0,IF((板块数量!$A$2:$A$118=$K$5)*(板块数量!$B$2:$B$118<>""),COUNTIF($R$8:R36,板块数量!$B$2:$B$118),1),0)),"")} | W37: =IF(OR(G37="型材",G37="尼龙"),H37,"-") -> - | X37: =IF(OR(G37="型材",G37="尼龙"),I37,"-") -> - | Y37: =IF(OR(G37="型材",G37="尼龙"),L37,"-") -> - | Z37: =IF(OR(G37="型材",G37="尼龙"),K37,"-") -> - | AA37: =IF(OR(G37="型材",G37="尼龙"),$N$6*O37,"-") -> - | AF37: =IF(OR(G37="型材",G37="尼龙"),H37,"-") -> - | AG37: =IF(OR(G37="型材",G37="尼龙"),I37,"-") -> - | AI37: =IF(OR(G37="型材",G37="尼龙"),L37,"-") -> - | AK37: =IF(OR(G37="型材",G37="尼龙"),$N$6*O37,"-") -> - | AP37: =IF($G37="配件",I37,"-") -> - | AQ37: =IF($G37="配件",H37,"-") -> - | AS37: =IF(OR(H37="泡沫条",H37="胶条"),$N$6*L37*O37/1000,IF(OR(H37="双面贴",H37="胶带"),L37*O37/1000,IF(AP37<>"-",$N$6*O37,"-"))) -> - | AT37: =IF(OR(H37="胶条",H37="泡沫条",H37="双面贴",H37="胶带"),"米",IF(AP37<>"-",P37,"-")) -> - | AY37: =IF($G37="玻璃",$H$7,"-") -> - | AZ37: =IF($G37="玻璃",J37,"-") -> - | BB37: =IF($G37="玻璃",M37,"-") -> - | BC37: =IF($G37="玻璃",L37,"-") -> - | BD37: =IF($G37="玻璃",$N$6*O37,"-") -> - | BE37: =BD37*BC37*BB37/1000000 -> #VALUE! | BF37: =IF($G37="玻璃",K37,"-") -> - | BI37: =IF($G37="铝板",$H$7,"-") -> - | BJ37: =IF($G37="铝板",J37,"-") -> - | BK37: =IF($G37="铝板",H37,"-") -> - | BL37: =IF($G37="铝板",M37,"-") -> - | BM37: =IF($G37="铝板",L37,"-") -> - | BN37: =IF($G37="铝板",$N$6*O37,"-") -> - | BO37: =BN37*BM37*BL37/1000000 -> #VALUE! | BP37: =IF($G37="铝板",K37,"-") -> - | BS37: =IF($G37="铁皮",$H$7,"-") -> - | BT37: =IF($G37="铁皮",J37,"-") -> - | BU37: =IF($G37="铁皮",H37,"-") -> - | BV37: =IF($G37="铁皮",M37,"-") -> - | BW37: =IF($G37="铁皮",L37,"-") -> - | BX37: =IF($G37="铁皮",$N$6*O37,"-") -> - | BY37: =BX37*BW37*BV37/1000000 -> #VALUE! | BZ37: =IF($G37="铁皮",K37,"-") -> - | CC37: =IF(G37="钢材",$H$7,"-") -> - | CD37: =IF(G37="钢材",J37,"-") -> - | CE37: =IF(G37="钢材",H37,"-") -> - | CF37: =IF(G37="钢材",L37,"-") -> - | CH37: =IF(G37="钢材",$N$6*O37,"-") -> - | CJ37: =IF(G37="钢材",K37,"-") -> - | CK37: =IF(G37="钢材",Q37,"-") -> -
B38: =IF(G38<>G37,B37+1,B37) -> 6 | C38: =IF(G38<>G37,1,C37+1) -> 3 | D38: =IF(G38="","",IFERROR(IF(AND(B38<>"",C38<>""),B38&"."&C38,""),"")) | E38: 30 | F38: 29 | R38: {=IFERROR(INDEX(板块数量!$B$2:$B$118,MATCH(0,IF((板块数量!$A$2:$A$118=$K$5)*(板块数量!$B$2:$B$118<>""),COUNTIF($R$8:R37,板块数量!$B$2:$B$118),1),0)),"")} | W38: =IF(OR(G38="型材",G38="尼龙"),H38,"-") -> - | X38: =IF(OR(G38="型材",G38="尼龙"),I38,"-") -> - | Y38: =IF(OR(G38="型材",G38="尼龙"),L38,"-") -> - | Z38: =IF(OR(G38="型材",G38="尼龙"),K38,"-") -> - | AA38: =IF(OR(G38="型材",G38="尼龙"),$N$6*O38,"-") -> - | AF38: =IF(OR(G38="型材",G38="尼龙"),H38,"-") -> - | AG38: =IF(OR(G38="型材",G38="尼龙"),I38,"-") -> - | AI38: =IF(OR(G38="型材",G38="尼龙"),L38,"-") -> - | AK38: =IF(OR(G38="型材",G38="尼龙"),$N$6*O38,"-") -> - | AP38: =IF($G38="配件",I38,"-") -> - | AQ38: =IF($G38="配件",H38,"-") -> - | AS38: =IF(OR(H38="泡沫条",H38="胶条"),$N$6*L38*O38/1000,IF(OR(H38="双面贴",H38="胶带"),L38*O38/1000,IF(AP38<>"-",$N$6*O38,"-"))) -> - | AT38: =IF(OR(H38="胶条",H38="泡沫条",H38="双面贴",H38="胶带"),"米",IF(AP38<>"-",P38,"-")) -> - | AY38: =IF($G38="玻璃",$H$7,"-") -> - | AZ38: =IF($G38="玻璃",J38,"-") -> - | BB38: =IF($G38="玻璃",M38,"-") -> - | BC38: =IF($G38="玻璃",L38,"-") -> - | BD38: =IF($G38="玻璃",$N$6*O38,"-") -> - | BE38: =BD38*BC38*BB38/1000000 -> #VALUE! | BF38: =IF($G38="玻璃",K38,"-") -> - | BI38: =IF($G38="铝板",$H$7,"-") -> - | BJ38: =IF($G38="铝板",J38,"-") -> - | BK38: =IF($G38="铝板",H38,"-") -> - | BL38: =IF($G38="铝板",M38,"-") -> - | BM38: =IF($G38="铝板",L38,"-") -> - | BN38: =IF($G38="铝板",$N$6*O38,"-") -> - | BO38: =BN38*BM38*BL38/1000000 -> #VALUE! | BP38: =IF($G38="铝板",K38,"-") -> - | BS38: =IF($G38="铁皮",$H$7,"-") -> - | BT38: =IF($G38="铁皮",J38,"-") -> - | BU38: =IF($G38="铁皮",H38,"-") -> - | BV38: =IF($G38="铁皮",M38,"-") -> - | BW38: =IF($G38="铁皮",L38,"-") -> - | BX38: =IF($G38="铁皮",$N$6*O38,"-") -> - | BY38: =BX38*BW38*BV38/1000000 -> #VALUE! | BZ38: =IF($G38="铁皮",K38,"-") -> - | CC38: =IF(G38="钢材",$H$7,"-") -> - | CD38: =IF(G38="钢材",J38,"-") -> - | CE38: =IF(G38="钢材",H38,"-") -> - | CF38: =IF(G38="钢材",L38,"-") -> - | CH38: =IF(G38="钢材",$N$6*O38,"-") -> - | CJ38: =IF(G38="钢材",K38,"-") -> - | CK38: =IF(G38="钢材",Q38,"-") -> -
B39: =IF(G39<>G38,B38+1,B38) -> 6 | C39: =IF(G39<>G38,1,C38+1) -> 4 | D39: =IF(G39="","",IFERROR(IF(AND(B39<>"",C39<>""),B39&"."&C39,""),"")) | E39: 31 | F39: 30 | R39: {=IFERROR(INDEX(板块数量!$B$2:$B$118,MATCH(0,IF((板块数量!$A$2:$A$118=$K$5)*(板块数量!$B$2:$B$118<>""),COUNTIF($R$8:R38,板块数量!$B$2:$B$118),1),0)),"")} | W39: =IF(OR(G39="型材",G39="尼龙"),H39,"-") -> - | X39: =IF(OR(G39="型材",G39="尼龙"),I39,"-") -> - | Y39: =IF(OR(G39="型材",G39="尼龙"),L39,"-") -> - | Z39: =IF(OR(G39="型材",G39="尼龙"),K39,"-") -> - | AA39: =IF(OR(G39="型材",G39="尼龙"),$N$6*O39,"-") -> - | AF39: =IF(OR(G39="型材",G39="尼龙"),H39,"-") -> - | AG39: =IF(OR(G39="型材",G39="尼龙"),I39,"-") -> - | AI39: =IF(OR(G39="型材",G39="尼龙"),L39,"-") -> - | AK39: =IF(OR(G39="型材",G39="尼龙"),$N$6*O39,"-") -> - | AP39: =IF($G39="配件",I39,"-") -> - | AQ39: =IF($G39="配件",H39,"-") -> - | AS39: =IF(OR(H39="泡沫条",H39="胶条"),$N$6*L39*O39/1000,IF(OR(H39="双面贴",H39="胶带"),L39*O39/1000,IF(AP39<>"-",$N$6*O39,"-"))) -> - | AT39: =IF(OR(H39="胶条",H39="泡沫条",H39="双面贴",H39="胶带"),"米",IF(AP39<>"-",P39,"-")) -> - | AY39: =IF($G39="玻璃",$H$7,"-") -> - | AZ39: =IF($G39="玻璃",J39,"-") -> - | BB39: =IF($G39="玻璃",M39,"-") -> - | BC39: =IF($G39="玻璃",L39,"-") -> - | BD39: =IF($G39="玻璃",$N$6*O39,"-") -> - | BE39: =BD39*BC39*BB39/1000000 -> #VALUE! | BF39: =IF($G39="玻璃",K39,"-") -> - | BI39: =IF($G39="铝板",$H$7,"-") -> - | BJ39: =IF($G39="铝板",J39,"-") -> - | BK39: =IF($G39="铝板",H39,"-") -> - | BL39: =IF($G39="铝板",M39,"-") -> - | BM39: =IF($G39="铝板",L39,"-") -> - | BN39: =IF($G39="铝板",$N$6*O39,"-") -> - | BO39: =BN39*BM39*BL39/1000000 -> #VALUE! | BP39: =IF($G39="铝板",K39,"-") -> - | BS39: =IF($G39="铁皮",$H$7,"-") -> - | BT39: =IF($G39="铁皮",J39,"-") -> - | BU39: =IF($G39="铁皮",H39,"-") -> - | BV39: =IF($G39="铁皮",M39,"-") -> - | BW39: =IF($G39="铁皮",L39,"-") -> - | BX39: =IF($G39="铁皮",$N$6*O39,"-") -> - | BY39: =BX39*BW39*BV39/1000000 -> #VALUE! | BZ39: =IF($G39="铁皮",K39,"-") -> - | CC39: =IF(G39="钢材",$H$7,"-") -> - | CD39: =IF(G39="钢材",J39,"-") -> - | CE39: =IF(G39="钢材",H39,"-") -> - | CF39: =IF(G39="钢材",L39,"-") -> - | CH39: =IF(G39="钢材",$N$6*O39,"-") -> - | CJ39: =IF(G39="钢材",K39,"-") -> - | CK39: =IF(G39="钢材",Q39,"-") -> -
